ALANSARI/title,ALANSARI/lat,ALANSARI/lng,ALANSARI/image,ALANSARI/address,ALANSARI/city,ALANSARI/timings,ALANSARI/mobile_number,ALANSARI/contact_number,ALANSARI/contact_email,ALANSARI/id
Abela Branch,24.475664,54.346377,https://alansariexchange.com/wp-content/themes/alansari/assets/images/active.png,"<p>Abela Super Store Khalidiya, AUH</p>
",UAE,"<p>Monday &#8211; Saturday: 08:00 AM &#8211; 11:30 PM<br />
Sunday: 09:00 AM &#8211; 11:00 PM</p>
",600 54 6000,,info@alansari.ae,27316
Abu Dhabi Coop Society &#8211; Muroor Branch,24.433532,54.439352,https://alansariexchange.com/wp-content/themes/alansari/assets/images/active.png,"<p>Muroor Complex, Shop #8 and 9, Abu Dhabi Coop Society, Dhafeer street</p>
",UAE,"<p>Monday &#8211; Saturday: 08:00 AM &#8211; 11:30 PM<br />
Sunday: 08:30 AM &#8211; 11:30 PM</p>
",600 54 6000,,info@alansari.ae,36575
Abu Dhabi Mall Branch,24.496994,54.382564,https://alansariexchange.com/wp-content/themes/alansari/assets/images/active.png,"<p>Abu Dhabi Mall Tourist Club Area, AUH</p>
",UAE,"<p>Monday – Sunday: 08:30 AM – 11:30 PM</p>
",600 54 6000,,info@alansari.ae,27321
Al Buteen Co-Op Society Branch,24.46227,54.35963,https://alansariexchange.com/wp-content/themes/alansari/assets/images/active.png,"<p>Buteen Co-Op Society, AUH</p>
",UAE,"<p>Everyday: 08:00 AM – 12.00 MN</p>
",600 54 6000,,info@alansari.ae,27317
"Al Dhafra Co-op, Madinat Zayed Branch",23.652310688474433,53.70650985915743,https://alansariexchange.com/wp-content/themes/alansari/assets/images/active.png,"<p>Ground Floor Al Dhafra Cooperative Society, Madinat Zayed, AUH</p>
",UAE,"<p>Monday – Saturday: 08:00 AM – 11:30 PM, Sunday  : 08:30 AM – 11:30 PM</p>
<p>&nbsp;</p>
",600 54 6000,,info@alansari.ae,27337
Al Dhannah City Branch,24.087257,52.653871,https://alansariexchange.com/wp-content/themes/alansari/assets/images/active.png,"<p>ADNOC Housing Complex, Al Dhannah City, AUH</p>
",UAE,"<p>Monday – Saturday: 08:00 AM – 10:30 PM, Sunday: 12:00 NN &#8211; 10:00 PM</p>
",600 54 6000,,info@alansari.ae,27344
Al Falah Plaza Branch,24.478476,54.37205,https://alansariexchange.com/wp-content/themes/alansari/assets/images/active.png,"<p>Al Falah Plaza, Old Passport Road, AUH</p>
",UAE,"<p>Monday – Sunday: 08:00 AM – 12:00 MN</p>
",600 54 6000,,info@alansari.ae,27322
Al Khalidiyah Mall Branch,24.469716,54.352372,https://alansariexchange.com/wp-content/themes/alansari/assets/images/active.png,"<p>Ground floor, Opposite Lulu Hyper Market, AUH</p>
",UAE,"<p>Monday – Sunday: 08:00 AM – 12:00 MN</p>
",600 54 6000,,info@alansari.ae,27355
Al Mushrif Cooperative Society Branch,24.426408,54.407463,https://alansariexchange.com/wp-content/themes/alansari/assets/images/active.png,"<p>Shop No. 8, Fround Floor, Al Mushref Cooperative Society, Abu Dhabi</p>
",UAE,"<p>Monday – Saturday: 08:00 AM – 12.00 MN, Sunday: 08:30 AM – 11:30 PM</p>
",600 54 6000,,info@alansari.ae,27323
Al Raha Mall Branch,24.438962,54.573644,https://alansariexchange.com/wp-content/themes/alansari/assets/images/active.png,"<p>Ground Floor, Beside BHS Home, Al Raha Mall, AUH</p>
",UAE,"<p>Monday – Saturday: 09:00 AM – 11:00 PM, Sunday : 12:00 PM – 10:00 PM</p>
",600 54 6000,,info@alansari.ae,27324
Al Wahda Mall Branch,24.47034,54.372825,https://alansariexchange.com/wp-content/themes/alansari/assets/images/active.png,"<p>Sheikh Hazaa Bin Zayed Street, AUH</p>
",UAE,"<p>Monday  – Sunday: 08:30 AM – 11:30 PM</p>
",600 546000,,info@alansari.ae,27325
Al Zahiyah,24.495800983067006,54.38002014356705,https://alansariexchange.com/wp-content/themes/alansari/assets/images/active.png,"<p>Branch Address: Shop No. 2 Al Zahiyah St. Said Eid Al<br />
Ghafli Bldg. Al Zahiyah, Abu Dhabi</p>
",UAE,"<p>Monday &#8211; Saturday: 8:00 AM – 11:30 PM<br />
Sunday: 9:00 AM – 11:00 PM</p>
<p>&nbsp;</p>
<p>&nbsp;</p>
",600 54 6000,,info@alansari.ae,55624
Baniyas Center Branch,24.287663888795265,54.64139585889169,https://alansariexchange.com/wp-content/themes/alansari/assets/images/active.png,"<p>Shop No.F&amp;B 08 (GF10) Ground Floor,<br />
Baniyas Cooperative Society, Plot No.P1 Sector EB 9,<br />
Baniyas Abu Dhabi</p>
",UAE,"<p>Monday-Saturday: 08:00 AM – 11:30 PM<br />
Sunday: 08:30 AM – 11:30 PM</p>
<p>&nbsp;</p>
<p>&nbsp;</p>
<p>&nbsp;</p>
",600 54 6000,,info@alansari.ae,73409
Bawabat Al Sharq Mall Branch,24.31246,54.620957,https://alansariexchange.com/wp-content/themes/alansari/assets/images/active.png,"<p>Ground Floor, Bawabat Al Sharq Mall (opposite Carrefour), Baniyas, AUH</p>
",UAE,"<p>Everyday: 08:30 AM – 12:00 MN</p>
",600 54 6000,,info@alansari.ae,27328
Carrefour Airport Road Branch,24.423691,54.452357,https://alansariexchange.com/wp-content/themes/alansari/assets/images/active.png,"<p>Unit No. 35, First Level Al Saqar Hypermarket, Shk. Rashid Bin Saeed St., Abu Dhabi</p>
",UAE,"<p>Monday &#8211; Saturday : 08:00 AM – 12:00 MN,  Sunday: 09:00 AM – 12:00 MN</p>
",600 54 6000,,info@alansari.ae,27353
Central Mall Khalifa City-A Branch,24.411554,54.590369,https://alansariexchange.com/wp-content/themes/alansari/assets/images/active.png,"<p>Shop No. 11, Ground Floor, Central Mall Khalifa City A, Abu Dhabi</p>
",UAE,"<p>Monday – Sunday: 08:30 AM – 11:30 PM</p>
",600 54 6000,,info@alansari.ae,27351
Central Market Branch,24.488997,54.356508,https://alansariexchange.com/wp-content/themes/alansari/assets/images/active.png,"<p>Shop No. 93, Ground Floor, The Souk Central Market</p>
",UAE,"<p>Monday – Saturday: 08:00 AM – 11:00 PM, Sunday: 10:00 AM – 11:00 PM</p>
",600 54 6000,,info@alansari.ae,27354
Dalma Mall Branch,24.33248,54.523838,https://alansariexchange.com/wp-content/themes/alansari/assets/images/active.png,"<p>Abu Dhabi – Tarif – Al Ain Highway,Opposite Mohammad Bin Zayed CIty</p>
",UAE,"<p>Monday – Sunday: 09:00 AM – 12.00 MN</p>
",600 54 6000,,info@alansari.ae,27329
Deerfields Mall Branch,24.52446,54.671745,https://alansariexchange.com/wp-content/themes/alansari/assets/images/active.png,"<p>Level 2, Deerfields Mall, Opposite Carrefour Hypermarket, Abudhabi</p>
",UAE,"<p>Monday – Sunday: 09:00 AM – 12:00 MN</p>
",600 54 6000,,info@alansari.ae,27350
Elektra Street Branch,24.489704,54.368267,https://alansariexchange.com/wp-content/themes/alansari/assets/images/active.png,"<p>Shop 1, Electra St, Opposite Emirates General Market, AUH</p>
",UAE,"<p>Monday – Saturday: 08:00 AM – 11:30 PM, Sunday : 08:30 AM – 11:30 PM</p>
",600 54 6000,,info@alansari.ae,27331
Gardens Plaza Branch,24.432124,54.566813,https://alansariexchange.com/wp-content/themes/alansari/assets/images/active.png,"<p>Gardens Plaza, Khalifa City, AUH</p>
",UAE,"<p>Monday –Saturday: 08:30 AM – 11:30 PM, Sunday : 09:00 AM – 11:00 PM</p>
",600 54 6000,,info@alansari.ae,27332
Ghayathi Mall Auh,23.911411769016315,52.802212409726295,https://alansariexchange.com/wp-content/themes/alansari/assets/images/active.png,"<p>Branch Address: Shop no. GF 13 Ground Floor, Ghayathi<br />
Mall, Ruwais Ghayathi-Arada Road, Ghayathi, Abu Dhabi</p>
",UAE,"<p>Monday-Saturday: 8:00 AM – 11:00 PM<br />
Sunday: 9:00 AM – 10:00 PM</p>
<h2></h2>
",600 54 6000,,info@alansari.ae,55615
Hamdan Street 2 Branch,24.494701,54.370056,https://alansariexchange.com/wp-content/themes/alansari/assets/images/active.png,"<p>Hamdan Street, Unit G5, Ground Floor, Near Dunia Finance</p>
",UAE,"<p>Monday – Saturday: 08:00 AM – 11:30 PM, Sunday: 8:30 AM -11:30 PM</p>
",600 54 6000,,info@alansari.ae,27334
Hamdan Street Branch,24.498925,54.375467,https://alansariexchange.com/wp-content/themes/alansari/assets/images/active.png,"<p>“Siemens”/”Philips” Bldg., Hamdan St</p>
",UAE,"<p>Monday – Saturday: 08:00 AM – 11:30 PM, Sunday: 08:30 AM – 11:30 PM</p>
",600 54 6000,,info@alansari.ae,27333
Khalidiyah Branch,24.469583,54.341797,https://alansariexchange.com/wp-content/themes/alansari/assets/images/active.png,"<p>Ground Floor, Spar Shopping Center</p>
",UAE,"<p>Monday – Sunday: 09:00 AM – 12:00 MN</p>
",600 54 6000,,info@alansari.ae,27335
Khalifa Street Branch,24.490656,54.359776,https://alansariexchange.com/wp-content/themes/alansari/assets/images/active.png,"<p>AUH Co-Op Society, Khalifa Street</p>
",UAE,"<p>Monday – Saturday: 08:00 AM – 11:30 PM, Sunday : 08:30 AM  – 11:30 PM</p>
",600 54 6000,,info@alansari.ae,27319
Labotel Mafraq Workers City,24.258931675569514,54.62726727123081,https://alansariexchange.com/wp-content/themes/alansari/assets/images/active.png,"<p>Kiosk in central area, Labotel, Workers City 2, Al Mafraq, Abu Dhabi</p>
",UAE,"<p><span>Every day: 09:00 AM – 10:00 PM</span></p>
",600 54 6000,,info@alansari.ae,509030
Liwa Street Branch,24.487881,54.358984,https://alansariexchange.com/wp-content/themes/alansari/assets/images/active.png,"<p>Ground Floor, Amin Tower, AUH</p>
",UAE,"<p>Monday – Saturday: 07:30 AM – 11:00 PM, Sunday : 08:00 AM – 11:00 PM</p>
",600 54 6000,,info@alansari.ae,27336
Marina Mall Branch,24.476263,54.322316,https://alansariexchange.com/wp-content/themes/alansari/assets/images/active.png,"<p>Marina Mall, Corniche Break Water, AUH</p>
",UAE,"<p>Monday &#8211; Sunday : 09:00 AM – 12.00 AM</p>
",600 54 6000,,info@alansari.ae,27338
Mega store Branch,24.346712,54.513427,https://alansariexchange.com/wp-content/themes/alansari/assets/images/active.png,"<p>Mussafah Sanaya, Adjacent K.M Hyper Market</p>
",UAE,"<p>Monday – Sunday: 08:00 AM – 11:00 PM; Friday Prayer Break: 01:00 PM &#8211; 02:00 PM</p>
",600 54 6000,,info@alansari.ae,27339
Mushrif Mall Branch,24.434721,54.412992,https://alansariexchange.com/wp-content/themes/alansari/assets/images/active.png,"<p>2nd Floor, Opposite “Dunkin Donuts”, Mushrif Mall, Airport Road, AUH</p>
",UAE,"<p>Monday – Sunday : 08:30 AM – 11:30 PM</p>
",600 54 6000,,info@alansari.ae,27340
Mussafah Branch,24.324244,54.534545,https://alansariexchange.com/wp-content/themes/alansari/assets/images/active.png,"<p>Shabiya Khalifa, Mussafah</p>
",UAE,"<p>Monday – Sunday : 08:00 AM – 11:30 PM</p>
",600 54 6000,,info@alansari.ae,27341
Mussafah Saniya 37- Branch,24.351295,54.498112,https://alansariexchange.com/wp-content/themes/alansari/assets/images/active.png,"<p>Shop No. 1, Baniyas Coop Society, Mussafah Sanaiya M-37, Abu Dhabi</p>
",UAE,"<p>Everyday: 08:00 AM – 11:00 PM</p>
",600 54 6000,,info@alansari.ae,27349
Mussafah Shabia ME 10,24.333794361930483,54.53313055295158,https://alansariexchange.com/wp-content/themes/alansari/assets/images/active.png,"<p>Shop No. 1, Ground Floor, Building 122, Al Ummal Street, Mohammed Bin Zayed City</p>
",UAE,"<p><span>Everyday: 08:00 AM – 11:30 PM</span></p>
",600 54 6000,,info@alansari.ae,450404
My City Centre Masdar Branch,24.429073,54.619228,https://alansariexchange.com/wp-content/themes/alansari/assets/images/active.png,"<p>Unit No.M039, My City Centre Masdar, Masdar City, Abu Dhabi</p>
",UAE,"<p>Monday – Sunday: 09:00 AM – 12:00 MN</p>
",600 54 6000,,info@alansari.ae,27356
Paragon Mall Branch,24.4911,54.39377,https://alansariexchange.com/wp-content/themes/alansari/assets/images/active.png,"<p>Zone C, Ground floor, Paragon Mall, Al Reem Island</p>
",UAE,"<p>Everyday: 08:30 AM – 11:30 PM</p>
",600 54 6000,,info@alansari.ae,27342
Rabdan Mall Branch,24.40735742604885,54.50690219600638,https://alansariexchange.com/wp-content/themes/alansari/assets/images/active.png,"<p>Shop G-07-E, Ground Floor, Rabdan Mall, Al Dhaeed Street, Al Maqta, AUH</p>
",UAE,"<p>Monday – Saturday: 08:00 AM – 11:30 PM, Sunday : 09:00 AM – 11:00 PM</p>
",600 54 6000,,info@alansari.ae,27326
Ramez Hypermarket &#8211; Shahama Branch,24.545068,54.675765,https://alansariexchange.com/wp-content/themes/alansari/assets/images/active.png,"<p>Kiosk Ground Floor, Hyper Ramez, Besides Emirates Park Zoo, Al Bahia, Al Shahama, AUH</p>
",UAE,"<p>Monday – Saturday: 08:30 AM – 12:00 MN, Sunday: 9:00 AM – 12:00 MN</p>
",600 54 6000,,info@alansari.ae,27343
Reem Mall Branch,24.488078969779504,54.40230838412311,https://alansariexchange.com/wp-content/themes/alansari/assets/images/active.png,"<p>Unit No. GFH425, Ground Floor, Reem Mall, Reem Island, Abu Dhabi</p>
",UAE,"<p><span>Everyday: 09:00 AM – 12.00 MN</span></p>
",600 500 6000,,info@alansari.ae,354626
Royal Emirates Supermarket,24.373589901352357,54.50632779580626,https://alansariexchange.com/wp-content/themes/alansari/assets/images/active.png,"<p>Shop No. 3, Royal Emirates Supermarket, 8th street, Mussafah M9, Abu Dhabi</p>
",UAE,"<p>Monday &#8211; Saturday: 08:00 AM- 11:00 PM, Sunday: 08:30 AM – 11:00 PM</p>
",600 54 6000,,info@alansari.ae,559824
Safeer Mall Mussafah Branch,24.342759,54.530252,https://alansariexchange.com/wp-content/themes/alansari/assets/images/active.png,"<p>Safeer Mall, Mussafah, AUH</p>
",UAE,"<p>Monday – Sunday: 08:30 AM – 11:30 PM</p>
",600 54 6000,,info@alansari.ae,27345
Shahama Branch,24.555353,54.694284,https://alansariexchange.com/wp-content/themes/alansari/assets/images/active.png,"<p>Baniyas Co-Op Society, AUH</p>
",UAE,"<p>Monday – Saturday: 08:00 AM – 11:00 PM, Sunday: 08:30 AM -11:00 PM</p>
",600 546000,,info@alansari.ae,27327
"Sheikh Zayed Grand Mosque, Souq Al Jami",24.407894,54.475666,https://alansariexchange.com/wp-content/themes/alansari/assets/images/active.png,"<p>Unit No. BK08 Souq Al Jami, Sheikh Zayed Grand Mosque Road, Al Khaleej Al Arabi Street, Abu Dhabi</p>
",UAE,"<p>Monday &#8211; Thursday : 08:00 AM &#8211; 10:00 PM, Friday &#8211; Sunday : 08:00 AM &#8211; 11:00 PM</p>
",600 54 6000,,info@alansari.ae,212497
Souk Madinat Zayed Branch,24.48152,54.364478,https://alansariexchange.com/wp-content/themes/alansari/assets/images/active.png,"<p>Madinat Zayed shop NO. 4 beside Shoe Mart</p>
",UAE,"<p>Monday –Saturday: 08:00 AM – 11:30 PM, Sunday: 09:00 AM – 11:30 PM</p>
",600 54 6000,,info@alansari.ae,27346
Souq Sarab Branch,24.31468642986562,54.63417711349278,https://alansariexchange.com/wp-content/themes/alansari/assets/images/active.png,"<p>Unit No. RM26, Ground Floor, Sarab Community Market, Al Muwaiji Street, Bani Yas, Abu Dhabi</p>
",UAE,"<p><span>Monday – Saturday: 08:00 AM – 12:00 MN, Sunday – 09:00 AM – 12:00 MN</span></p>
",600 54 6000,,info@alansari.ae,459329
"The Galleria Al Maryah Island, Abu Dhabi",24.500681906588383,54.39092590473276,https://alansariexchange.com/wp-content/themes/alansari/assets/images/active.png,"<p>Unit No.09086 (SU), The Galleria Al Maryah Island (Opposite Waitrose Supermarket), Abu Dhabi</p>
",UAE,"<p>Monday &#8211; Sunday : 8.00 AM &#8211; 11.00 PM</p>
<p>&nbsp;</p>
",600546000,,info@alansari.ae,62147
Yas Mall Branch,24.489001,54.610638,https://alansariexchange.com/wp-content/themes/alansari/assets/images/active.png,"<p>Lower Ground 016b, Near Hyper Market Parking, Opposite ADIB,Yas Mall, Yas Island, AUH</p>
",UAE,"<p>Monday – Sunday: 09:00 AM – 12:00 MN</p>
",600 54 6000,,info@alansari.ae,27347
Zayed The First Street Branch,24.479656,54.355678,https://alansariexchange.com/wp-content/themes/alansari/assets/images/active.png,"<p>Khalidiyah Area, near to Al Muhairi Centre, Ground Floor, Bin Haiyai 1 – Block A</p>
",UAE,"<p>Monday –Saturday: 08:00 AM – 11:30 PM, Sunday: 9:00 AM – 11:00 PM</p>
",600 54 6000,,info@alansari.ae,27348
Abela Supermarket Branch,24.19751,55.6577,https://alansariexchange.com/wp-content/themes/alansari/assets/images/active.png,"<p>Al Maqam Area, Abela Supermarket, Al Ain</p>
",UAE,"<p>Monday –Saturday: 08:00 AM – 11:30 PM, Sunday: 08:30 AM – 11:30 PM</p>
",600 54 6000,,info@alansari.ae,27367
Al Ain Main Branch,24.220763,55.772729,https://alansariexchange.com/wp-content/themes/alansari/assets/images/active.png,"<p>Main Street, Al Ain</p>
",UAE,"<p>Monday – Sunday: 08:00 AM  –11:00 PM</p>
",600 54 6000,,info@alansari.ae,27368
Al Ain Mall Branch,24.22227,55.781235,https://alansariexchange.com/wp-content/themes/alansari/assets/images/active.png,"<p>Ground Floor of Al Ain Mall opposite Carrefour, Al Ain</p>
",UAE,"<p>Monday – Saturday: 08:30 AM – 12:00 MN</p>
<p>Sunday &#8211; 9:00 AM &#8211; 12:00 MN</p>
",600 54 6000,,info@alansari.ae,27369
Al Jimi Mall Branch,24.243546698048977,55.72704666681806,https://alansariexchange.com/wp-content/themes/alansari/assets/images/active.png,"<p>Lower Ground Floor, near Etisalat &amp; DU, Al Jimi Mall</p>
",UAE,"<p>Everyday: 09:00 AM &#8211; 12:00 MN</p>
",600 54 6000,,info@alansari.ae,27370
Al Sanaiya Branch,24.195354,55.752805,https://alansariexchange.com/wp-content/themes/alansari/assets/images/active.png,"<p>Shop 1 &amp; 2, Building no. 53, Near Al Taqwa Mosque, Sanayyah, Al Ain</p>
",UAE,"<p>Monday – Sunday: 08:00 AM – 11:00 PM; Friday Prayer Break: 01:00 PM &#8211; 02:00 PM</p>
",600 54 6000,,info@alansari.ae,27375
Al Wagan Branch,23.640763,55.566404,https://alansariexchange.com/wp-content/themes/alansari/assets/images/active.png,"<p>Shop No. 2, Al Wagan, Emirates Post, Al Ain</p>
",UAE,"<p>Monday – Saturday: 08:00 AM – 11:00 PM, Sunday : 08:30 AM – 11:00 PM</p>
",600 54 6000,,info@alansari.ae,27371
Al Yahar Branch,24.22431798991797,55.55301657026139,https://alansariexchange.com/wp-content/themes/alansari/assets/images/active.png,"<p>Shop No. 13, Ground Floor, Salem Suhail Al Aameri Building, Road 92, Al Aamerah (Al Yahar), Al Ain</p>
",UAE,"<p>Every day: 08:00 AM – 11:00 PM</p>
<p>&nbsp;</p>
",600 54 6000,,info@alansari.ae,488216
Arabia Centre Branch,24.227617,55.739085,https://alansariexchange.com/wp-content/themes/alansari/assets/images/active.png,"<p>Al Jabal R/A, Arabia Centre, Al Ain</p>
",UAE,"<p>Everyday: 8:00 AM &#8211; 11:30 PM</p>
",600 54 6000,,info@alansari.ae,27372
Barari Outlet Mall Branch,24.086055,55.830078,https://alansariexchange.com/wp-content/themes/alansari/assets/images/active.png,"<p>First Floor, Al Barari Outlet Mall</p>
",UAE,"<p>Monday &#8211; Saturday: 08:30 AM –12:00 MN</p>
<p>Sunday: 9:00 AM &#8211; 12:00 MN</p>
",600 54 6000,,info@alansari.ae,27373
Bawadi Mall Branch,24.159688,55.808026,https://alansariexchange.com/wp-content/themes/alansari/assets/images/active.png,"<p>Bawadi Mall, Al Ain</p>
",UAE,"<p>Monday – Sunday: 09:00 AM – 12:00 MN</p>
",600 54 6000,,info@alansari.ae,27374
Hili Mall Branch,24.27375,55.779565,https://alansariexchange.com/wp-content/themes/alansari/assets/images/active.png,"<p>First floor – opposite to Geant Hyper market</p>
",UAE,"<p>Monday – Saturday: 08:30 AM – 12:00 MN, Sunday : 09:00 AM – 11:00 PM</p>
",600 54 6000,,info@alansari.ae,27379
Khalifa Street Branch,24.224433566278094,55.76217684347826,https://alansariexchange.com/wp-content/themes/alansari/assets/images/active.png,"<p>Shop No. 3 &amp; 4, Ground Floor, Al Zahary Building Sector Qasida, Khalifa Bin Zayed Street, Downtown Zone, Al Ain</p>
",UAE,"<p>Monday – Sunday: 08:00 AM – 11:30 PM</p>
<p>&nbsp;</p>
",600 54 6000,,info@alansari.ae,27376
Remal Mall Branch,24.204325,55.762571,https://alansariexchange.com/wp-content/themes/alansari/assets/images/active.png,"<p>Ground Floor, Opposite Carrefour Supermarket</p>
",UAE,"<p>Monday – Saturday: 08:30 AM – 12:00 MN, Sunday : 09:00 AM – 12:00 MN</p>
",600 54 6000,,info@alansari.ae,27377
Safeer Khabisi Branch,24.237162,55.720265,https://alansariexchange.com/wp-content/themes/alansari/assets/images/active.png,"<p>Ground Floor, Safeer Centre Khabisi, Al Ain</p>
",UAE,"<p>Monday – Sunday: 08:30 AM – 11:30 PM</p>
",600 54 6000,,info@alansari.ae,27378
777 Center Branch,25.172774762543316,55.22896860713109,https://alansariexchange.com/wp-content/themes/alansari/assets/images/active.png,"<p>Shop No. 2, Ground Floor, next to Carrefour, 777 Center, Al Wasl Road, Jumeira Third</p>
",UAE,"<p><span>Everyday: 08:00 AM – 11:00 PM</span></p>
",600 54 6000,,info@alansari.ae,447755
Abu Hail 2 Branch,25.279961,55.351089,https://alansariexchange.com/wp-content/themes/alansari/assets/images/active.png,"<p>Shop No. 11, Danat Al Mamzar Building, Abu Hail, Hor Al Anz East, Deira, Dubai</p>
",UAE,"<p>Everyday: 08:00 AM &#8211; 11:30 PM</p>
",600 54 6000,,info@alansari.ae,49875
Al Aweer Branch,25.174943,55.386628,https://alansariexchange.com/wp-content/themes/alansari/assets/images/active.png,"<p>Union Co-Op Society, Al Aweer,Dubai</p>
",UAE,"<p>Monday – Saturday: 08:00 AM &#8211; 11:30 PM, Sunday: 08:30 AM &#8211; 11:30 PM</p>
<p>&nbsp;</p>
",600 54 6000,,info@alansari.ae,27445
Al Barsha Main Branch,25.117663,55.20394,https://alansariexchange.com/wp-content/themes/alansari/assets/images/active.png,"<p style=""text-align: left"">Shop No.2, Ground Floor, Al Ansari Business Centre, Al Barsha 1</p>
",UAE,"<p>Everyday: 08:00 AM &#8211; 11:30 PM</p>
",600 54 6000,,info@alansari.ae,27382
Al Barsha Mall,25.099265,55.204242,https://alansariexchange.com/wp-content/themes/alansari/assets/images/active.png,"<p>Al Barsha 2, Al Barsha Mall</p>
",UAE,"<p>Monday – Sunday: 08:00 AM – 12:00 MN</p>
",600 54 6000,,info@alansari.ae,27383
Al Dhiyafah Center Branch,25.234947,55.2781,https://alansariexchange.com/wp-content/themes/alansari/assets/images/active.png,"<p>Shop No. 2 and 3, Ground Floor Dubai International Real Estate Building Al Diyafah Road, Dubai</p>
",UAE,"<p>Monday – Sunday: 08:00 AM – 12:00 MN</p>
",600 54 6000,,info@alansari.ae,27384
Al Fahidi Abra Branch,25.263340,55.293659,https://alansariexchange.com/wp-content/themes/alansari/assets/images/active.png,"<p><span>Old Abra, Near Bank of Baroda, Al Fahidi, Bur Dubai, Behind Dubai Museum, Dubai</span></p>
",UAE,"<p>Monday – Sunday: 8:00 AM &#8211; 11:00 PM</p>
<p>&nbsp;</p>
",600 54 6000,,info@alansari.ae,27385
Al Fahidi Souq Branch,25.260551704302305,55.29723562740633,https://alansariexchange.com/wp-content/themes/alansari/assets/images/active.png,"<p>Shop No. GR94, Ground Floor, Block No. 2, Al Fahidi Market, Al Souq Al Khabeer Area, Dubai, UAE</p>
",UAE,"<p>Monday – Sunday: 9:00 AM &#8211; 11:00 PM</p>
",600 54 6000,,info@alansari.ae,27386
Al Garhoud Shopping Centre Branch,25.24171659688162,55.35950897715846,https://alansariexchange.com/wp-content/themes/alansari/assets/images/active.png,"<p>Shop No. 16, Ground Floor, Al Garhoud Shopping Centre, 54th Street, Al Garhoud, Deira, Dubai</p>
",UAE,"<p>Monday &#8211; Saturday: 08:00 AM – 11:00 PM,<br />
Sunday: 09:00 AM – 11:00 PM</p>
",600 54 6000,,info@alansari.ae,567369
Al Ghadeer Tower Branch,25.215015,55.278798,https://alansariexchange.com/wp-content/themes/alansari/assets/images/active.png,"<p>Ground Floor, Al Ghadeer Tower 1, Shk. Zayed Rd Dubai</p>
",UAE,"<p>Everyday: 08:00 AM &#8211; 11:30 PM</p>
",600 54 6000,,info@alansari.ae,27387
Al Ghubaiba Branch,25.262745,55.287957,https://alansariexchange.com/wp-content/themes/alansari/assets/images/active.png,"<p>Al Ghubaiba Bus Station, Bur Dubai,Dubai</p>
",UAE,"<p>Monday – Sunday: 8:00 AM &#8211; 11:00 PM</p>
",600 54 6000,,info@alansari.ae,27388
Al Ghubaiba Metro Station Branch,25.26479943775776,55.28878728847233,https://alansariexchange.com/wp-content/themes/alansari/assets/images/active.png,"<p>Unit No. R40.6, Al Ghubaiba Metro Station, Al Ghubaiba Road, Bur Dubai, Dubai</p>
",UAE,"<p>Every day: 08:00 AM – 11:30 PM</p>
",600 54 6000,,info@alansari.ae,521642
"Al Ghurair Centre,Dubai",25.26809304886273,55.31738972625709,https://alansariexchange.com/wp-content/themes/alansari/assets/images/active.png,"<p>Kiosk KFE-012-First Floor- Al Ghurair<br />
Centre &#8211; Al Riqqa Road, Deira, Dubai</p>
",UAE,"<p>Monday &#8211; Saturday: 9:00 AM – 12:00 AM, Sunday: 10:00 AM – 12:00 AM</p>
",,6005006000,info@alansari.ae,133830
Al Kabaisi 22A Street Branch,25.26244733645209,55.332222427563494,https://alansariexchange.com/wp-content/themes/alansari/assets/images/active.png,"<p>Shop No. 2, Ahmad Abdulla Al Abdooli Building, 22A Street, Al Khabaisi, Deira, Dubai</p>
",UAE,"<p>Monday &#8211; Saturday: 08:00 AM – 11:00 PM, Sunday: 08:30 AM – 11:00 PM</p>
",600 54 6000,,info@alansari.ae,703083
Al Karama Branch,25.241627,55.304435,https://alansariexchange.com/wp-content/themes/alansari/assets/images/active.png,"<p>Al Karama , Bur Dubai</p>
",UAE,"<p>Monday – Saturday: 8:00 AM &#8211; 11:00 PM<br />
Sunday &#8211; 9:00 AM &#8211; 11:00 PM</p>
",600 54 6000,,info@alansari.ae,27428
Al Khail Mall Branch,25.149189,55.246248,https://alansariexchange.com/wp-content/themes/alansari/assets/images/active.png,"<p>Ground Floor, Shop No. 6, Al Khail Mall, Al Quoz, Dubai</p>
",UAE,"<p>Everyday: 08:00 AM &#8211; 11:30 PM</p>
",600 54 6000,,info@alansari.ae,27389
Al Khaleej Street Dubai Branch,25.276419874258522,55.30476836858652,https://alansariexchange.com/wp-content/themes/alansari/assets/images/active.png,"<p>Shop No. 4, Sons of Ahmed Lootah<br />
Building, Intersection of Al Khaleej Street and Al<br />
Mussala Road, Naif, Dubai</p>
",UAE,"<p>Working Hours: Everyday: 8:00 AM – 11:00 PM</p>
",,600546000,info@alansari.ae,145434
Al Khoory Hotel Apartments Al Barsha 1,25.112883116535638,55.192928384721824,https://alansariexchange.com/wp-content/themes/alansari/assets/images/active.png,"<p><span> Unit No. 5, Al Khoory Hotel Apartments, near Mashreq Metro Station, Al Barsha 1, Dubai</span></p>
",UAE,"<p><span>Monday – Saturday: 08:00 AM – 11:30 PM, Sunday: 08:30 AM – 11:30 PM</span></p>
",600 54 6000,,info@alansari.ae,333070
Al Madina Hypermarket Muhaisnah 2 Branch,25.266299966951628,55.43366450000022,https://alansariexchange.com/wp-content/themes/alansari/assets/images/active.png,"<p>Shop No. 01, Al Madina Hypermarket, Muhaisnah 2, Dubai</p>
",UAE,"<p><span>Everyday: 08:00 AM – 11:00 PM</span></p>
",600 54 6000,,info@alansari.ae,509051
Al Mozna Residence Building Al Qusais 1 Branch,25.272590059124443,55.371164999285284,https://alansariexchange.com/wp-content/themes/alansari/assets/images/active.png,"<p>Ground Floor, Al Mozna Residence Building, Al Nahda Street, Al Qusais 1, Deira, Dubai</p>
",UAE,"<p>Monday – Saturday: 08:00 AM – 11:30 PM,<br />
Sunday: 08:30 AM – 11:30 PM</p>
",600 54 6000,,info@alansari.ae,509204
Al Murooj Complex Branch,25.20396,55.275767,https://alansariexchange.com/wp-content/themes/alansari/assets/images/active.png,"<p>Al Murooj Complex, Sheikh Zayed Road, Dubai</p>
",UAE,"<p>Monday – Saturday: 8:00 AM &#8211; 11:00 PM<br />
Sunday &#8211; 9:00 AM &#8211; 11:00 PM</p>
",600 54 6000,,info@alansari.ae,27391
Al Nahda Twin Tower Branch,25.29773,55.382536,https://alansariexchange.com/wp-content/themes/alansari/assets/images/active.png,"<p>Unit No. 9, Ground Floor, Twin Tower Al Nahda, Dubai</p>
",UAE,"<p>Monday – Saturday: 8:00 AM &#8211; 12:00 MN<br />
Sunday &#8211; 8:30 AM &#8211; 11:30 PM</p>
",600 54 6000,,info@alansari.ae,27454
Al Qusais Industrial Area 2 Branch,25.287389807902986,55.391900092647305,https://alansariexchange.com/wp-content/themes/alansari/assets/images/active.png,"<p>Al Sajaya 17 Building, Damascus Street, Al Qusais Industrial Area 2, Dubai</p>
",UAE,"<p>Monday – Saturday: 08:00 AM – 11:30 PM, Sunday: 08:30 AM – 11:30 PM</p>
",600 54 6000,,info@alansari.ae,509138
Al Riqqa Branch,25.262903,55.325712,https://alansariexchange.com/wp-content/themes/alansari/assets/images/active.png,"<p>Al Mamura Bldg, Opp Abu Dhabi Comm’l Bank, Al Riqqa St, Deira, Dubai</p>
",UAE,"<p>Everyday: 8:00 AM &#8211; 12:00 MN</p>
",600 54 6000,,info@alansari.ae,27392
Al Safeer Hypermarket Muraqqabat Branch,25.267262,55.322151,https://alansariexchange.com/wp-content/themes/alansari/assets/images/active.png,"<p>Shop No. 1, Ground Floor, Al Safeer Market, Muraqqabat Deira, Dubai</p>
",UAE,"<p>Monday – Sunday: 08:00 AM – 12:00 MN</p>
",600 54 6000,,info@alansari.ae,27380
Al Satwa 2 Branch,25.230518,55.271854,https://alansariexchange.com/wp-content/themes/alansari/assets/images/active.png,"<p><span>Shop No. 8, Al Bada’a Building, Al Bada&#8217;a St, Al Hudaiba Road, Al Satwa, Dubai</span></p>
",UAE,"<p><span>Monday – Sunday: 08:00 AM – 11:30 PM</span></p>
",,+971 - 600 54 6000,info@alansari.ae,188234
Al Satwa Branch,25.228979829541196,55.275222266551964,https://alansariexchange.com/wp-content/themes/alansari/assets/images/active.png,"<p>Shop No. 12 &amp; 13, Al Satwa Home Building, Al Bada’a, Al Satwa Road, Dubai</p>
",UAE,"<p>Monday – Sunday: 8:00 AM &#8211; 11:30 PM</p>
",600 54 6000,,info@alansari.ae,27461
Al Sharhan Building Al Nahda 2 Branch,25.29147686203967,55.370108972869495,https://alansariexchange.com/wp-content/themes/alansari/assets/images/active.png,"<p>Shop No. 10, Ground Floor, Al Sharhan Building, Amman St, Al Nahda 2, Deira, Dubai</p>
",UAE,"<p>Monday &#8211; Saturday: 08:00 AM- 11:30 PM, Sunday: 08:30 AM – 11:30 PM</p>
",600 54 6000,,info@alansari.ae,550584
Ansar Gallery Branch &#8211; Deira,25.270073465812555,55.3215379582426,https://alansariexchange.com/wp-content/themes/alansari/assets/images/active.png,"<p>Deira, Ground floor, near Salahuddin Metro Station</p>
",UAE,"<p>Monday – Saturday: 8:00 AM &#8211; 12:00 MN<br />
Sunday &#8211; 10:00 AM &#8211; 12:00 MN</p>
<p>&nbsp;</p>
<p>&nbsp;</p>
",600 54 6000,,info@alansari.ae,27393
Ansar Gallery Branch &#8211; Karama,25.252347,55.308526,https://alansariexchange.com/wp-content/themes/alansari/assets/images/active.png,"<p>Ground Floor, Ansar Gallery – Karama, Dubai</p>
",UAE,"<p>Monday – Saturday: 09:00 AM &#8211; 12:00 MN, Sunday &#8211; 10:00 AM &#8211; 12:00 MN</p>
",600 54 6000,,info@alansari.ae,27394
Arabian Center Branch,25.235151,55.436071,https://alansariexchange.com/wp-content/themes/alansari/assets/images/active.png,"<p>Shop No. 1615, Ground Floor, Arabian Center, Al Khawaneej Road, Al Mizhar Dubai</p>
",UAE,"<p>Monday – Sunday: 08:30 AM – 12:00 MN</p>
",600 54 6000,,info@alansari.ae,27462
Arabian Ranches Branch,25.056869,55.269994,https://alansariexchange.com/wp-content/themes/alansari/assets/images/active.png,"<p>Kiosk K10, Community Centre, Arabian Ranches, Dubai</p>
",UAE,"<p>Monday – Saturday: 07:30 AM &#8211; 10:00 PM, Sunday &#8211; 10:00 AM &#8211; 10:00 PM</p>
",600 54 6000,,info@alansari.ae,27395
Baniyas Square Branch,25.269508,55.308122,https://alansariexchange.com/wp-content/themes/alansari/assets/images/active.png,"<p>Al Maktoum Hospital Road, near Commercial Bank of Dubai, Deira, Dubai</p>
",UAE,"<p>Everyday: 08:00 AM &#8211; 11:00 PM</p>
",600 54 6000,,info@alansari.ae,27396
Bay Avenue Branch,25.189681,55.263248,https://alansariexchange.com/wp-content/themes/alansari/assets/images/active.png,"<p>Shop.no.G45, Bay Avenue, Executive Towers M, Opp.Omniyat Bldg, Business Bay.</p>
",UAE,"<p>Everyday: 08:00 AM &#8211; 11:30 PM</p>
",600 54 6000,,info@alansari.ae,27397
Bin Sougat Centre Branch,25.2321,55.386483,https://alansariexchange.com/wp-content/themes/alansari/assets/images/active.png,"<p>Bin Sougat Centre, Rashidiya, Dubai</p>
",UAE,"<p>Monday – Sunday: 8:00 AM &#8211; 11:00 PM</p>
",600 54 6000,,info@alansari.ae,27398
Burjuman Center Branch,25.252296,55.301904,https://alansariexchange.com/wp-content/themes/alansari/assets/images/active.png,"<p>Branch Address: Shop No. 1020 &amp; 1021, Level 3, Burjuman Center, Dubai</p>
",UAE,"<p>Monday – Saturday: 8:00 AM &#8211; 11:00 PM<br />
Sunday &#8211; 9:00 AM &#8211; 11:00 PM</p>
",600 54 6000,,info@alansari.ae,27449
Burjuman Metro Station Branch,25.254725293539433,55.30397442944757,https://alansariexchange.com/wp-content/themes/alansari/assets/images/active.png,"<p>Shop No. R40.2, Ground Floor, Burjuman Metro Station, Khaled Bin Al Waleed Street, Dubai</p>
",UAE,"<p><span>Everyday: 08:00 AM – 11:30 PM</span></p>
",600 54 6000,,info@alansari.ae,447722
Carrefour Barsha Heights Branch,25.096817,55.17623,https://alansariexchange.com/wp-content/themes/alansari/assets/images/active.png,"<p>Unit No. 4 GF, Carrefour Market, Dubai</p>
",UAE,"<p>Everyday: 08:00 AM – 12:00 MN</p>
",600 54 6000,,info@alansari.ae,27399
"Central Mall, Bur Dubai",25.25851075332106,55.298204122601696,https://alansariexchange.com/wp-content/themes/alansari/assets/images/active.png,"<p>Shop No. G 13, Central Mall, Khalid Bin Al Waleed Road, Dubai</p>
",UAE,"<p>Monday &#8211; Saturday : 08:00 AM &#8211; 11.30 PM</p>
<p>Sunday : 08:30 AM &#8211; 11.30 PM</p>
<p>&nbsp;</p>
",600 500 6000,,info@alansari.ae,79052
Century Mall Branch,25.290446171977006,55.3463404246971,https://alansariexchange.com/wp-content/themes/alansari/assets/images/active.png,"<p>Ground Floor, opposite to Carrefour, Century Mall,  Al Mamzar, Dubai</p>
",UAE,"<p>Monday – Saturday: 08:30 AM – 12:00 MN, Sunday:  09:00 AM &#8211; 12:00 MN</p>
",600 54 6000,,info@alansari.ae,27400
Circle Mall,25.066134231783025,55.2160486696825,https://alansariexchange.com/wp-content/themes/alansari/assets/images/active.png,"<p><span>Unit No. JV-TCM–RT–G056A, Circle Mall, Jumeirah Village Circle, Dubai</span></p>
",UAE,"<p>Everyday: 09:00 AM &#8211; 12:00 MN</p>
",600 54 6000,,info@alansari.ae,288418
City Centre Al Shindagha Branch,25.263466,55.286544,https://alansariexchange.com/wp-content/themes/alansari/assets/images/active.png,"<p><span>Unit No. TW5, Ground Level, Opposite Mall Entrance, Dubai</span></p>
",UAE,"<p>Everyday: 09:00 AM – 12:00 MN</p>
",600 54 6000,,info@alansari.ae,27456
City Centre Deira Metro Bridge Link Branch,25.252957,55.33096,https://alansariexchange.com/wp-content/themes/alansari/assets/images/active.png,"<p>Unit No. TW30 (DM # BLW01) City Centre Deira, Dubai</p>
",UAE,"<p>Monday – Sunday: 08:30 AM – 12:00 MN</p>
",600 54 6000,,info@alansari.ae,27457
City Centre Me’aisem Branch,25.039863,55.198198,https://alansariexchange.com/wp-content/themes/alansari/assets/images/active.png,"<p>Unit No. G011, Ground Floor, City Centre Me’aisem, Me’aisem 1, Dubai</p>
",UAE,"<p>Monday – Sunday: 08:30 AM – 12:00 MN</p>
",600 54 6000,,info@alansari.ae,27459
City Tower 2 Branch,25.219465386108578,55.279685686982866,https://alansariexchange.com/wp-content/themes/alansari/assets/images/active.png,"<p>Unit No. RT07, City Tower 2, Trade Center 1, Sheikh Zayed Road, Dubai</p>
",UAE,"<p>Monday – Saturday: 08:00 AM &#8211; 11:30 PM, Sunday: 09:00 AM &#8211; 11:30 PM</p>
<p>&nbsp;</p>
<p>&nbsp;</p>
",600 54 6000,,info@alansari.ae,27402
City Walk 2 Branch,25.207813320879307,55.26220491026279,https://alansariexchange.com/wp-content/themes/alansari/assets/images/active.png,"<p>Kiosk No. SA01, City Walk 2, Al Wasel, Dubai</p>
",UAE,"<p>Monday – Saturday: 08:30 AM – 12:00 MN, Sunday: 09:00 AM – 12:00 MN</p>
",600 54 6000,,info@alansari.ae,543831
Deira City Center Metro Station Branch,25.254828300243005,55.32987166389321,https://alansariexchange.com/wp-content/themes/alansari/assets/images/active.png,"<p>Unit No. R40.2/2, Deira City Center Metro Station, Al Ittihad Road, Deira, Dubai</p>
",UAE,"<p>Every day: 08:00 AM – 11:30 PM</p>
",600 54 6000,,info@alansari.ae,521651
Deira City Centre Branch,25.252191,55.331887,https://alansariexchange.com/wp-content/themes/alansari/assets/images/active.png,"<p>Shop G09, Ground Floor, City Centre Deira, Dubai</p>
",UAE,"<p>Monday – Sunday: 08:30 AM – 12:00 MN</p>
",600 54 6000,,info@alansari.ae,27401
Dragon Mart Branch,25.17283,55.420688,https://alansariexchange.com/wp-content/themes/alansari/assets/images/active.png,"<p>Ground Floor, I-Zone Area, Dragon Mart, Dubai</p>
",UAE,"<p>Monday – Sunday: 09:30 AM &#8211; 11:00 PM</p>
",600 54 6000,,info@alansari.ae,27403
Dubai Creek Residence Branch,25.206228812715537,55.343932070138,https://alansariexchange.com/wp-content/themes/alansari/assets/images/active.png,"<p>Unit No. A.003-GFR-14, Dubai Creek Residence North Tower 1, Dubai</p>
",UAE,"<p>Monday – Saturday: 08:00 AM – 11:00 PM, Sunday: 09:00 AM – 11:00 PM</p>
<p>&nbsp;</p>
<p>&nbsp;</p>
",600 54 6000,,info@alansari.ae,488144
Dubai Festival City 2 Branch,25.222807,55.355622,https://alansariexchange.com/wp-content/themes/alansari/assets/images/active.png,"<p>Ground Floor, Main Entrance, Near Ikea, DFC</p>
",UAE,"<p>Monday – Sunday: 08:30 AM – 12:00 MN</p>
",600 54 6000,,info@alansari.ae,27407
Dubai Festival City Branch,25.223766154459913,55.35109134275248,https://alansariexchange.com/wp-content/themes/alansari/assets/images/active.png,"<p>Ground Floor near Marks &amp; Spencer</p>
",UAE,"<p>Saturday –  Friday: 09:00 AM – 12:00 MN</p>
",600 54 6000,,info@alansari.ae,27406
Dubai Hills Mall Branch,25.099965,55.241428,https://alansariexchange.com/wp-content/themes/alansari/assets/images/active.png,"<p>Unit No. DHM-GF-089, Ground Floor,<br />
Dubai Hills Mall, Dubai</p>
",UAE,"<p>Monday &#8211; Sunday : 09:00 AM &#8211; 12:00 MN</p>
",,+971 - 600 54 6000,info@alansari.ae,84403
Dubai International Airport Terminal 1 Branch &#8211; Departures Area,25.248615,55.353959,https://alansariexchange.com/wp-content/themes/alansari/assets/images/active.png,"<p>Unit No: Kiosk DXB-09-TB1-2001AA (Non-restricted Area)</p>
",UAE,"<p>24 Hours</p>
",600 54 6000,,info@alansari.ae,27404
Dubai Investment Park Shopping Center Branch,24.997946,55.175713,https://alansariexchange.com/wp-content/themes/alansari/assets/images/active.png,"<p>Shop No. 6, Ground Floor, Carrefour Market, Dubai Investment Park 1, Dubai</p>
",UAE,"<p>Everyday: 08:00 AM &#8211; 11:30 PM</p>
",600 54 6000,,info@alansari.ae,27450
Dubai Mall 3 Branch,25.196897,55.278877 ,https://alansariexchange.com/wp-content/themes/alansari/assets/images/active.png,"<p>2nd Floor, near the food-court entrance (Aquarium side)</p>
",UAE,"<p>Monday – Sunday: 09:00 AM – 12:00 MN</p>
",600 54 6000,,info@alansari.ae,27409
Dubai Mall Branch,25.198101,55.279883,https://alansariexchange.com/wp-content/themes/alansari/assets/images/active.png,"<p>Opposite Waitrose Supermarket, Dubai Mall</p>
",UAE,"<p>Monday – Sunday: 09:00 AM – 12:00 MN</p>
",600 54 6000,,info@alansari.ae,27408
Dubai Mall Metrolink Branch,25.198521,55.279616,https://alansariexchange.com/wp-content/themes/alansari/assets/images/active.png,"<p>Unit No. TDM-SF-MLB 005 (Dubai Mall Metrolink)</p>
",UAE,"<p><span>Everyday: 08:00 AM – 12:00 MN</span></p>
",600 54 6000,,info@alansari.ae,27410
Dubai Outlet Mall Branch,25.07260214853053,55.400564569501036,https://alansariexchange.com/wp-content/themes/alansari/assets/images/active.png,"<p>First Floor, Near Puma store, Dubai Outlet Mall, Al Ain Road, DXB</p>
",UAE,"<p>Sunday &#8211; Thursday : 09:30 AM &#8211; 10:00 PM, Friday &#8211; Saturday : 09:30 AM &#8211; 12:00 MN</p>
",600 54 6000,,info@alansari.ae,27412
Dubai Silicon Oasis Branch,25.1175,55.391362,https://alansariexchange.com/wp-content/themes/alansari/assets/images/active.png,"<p>Silicon Gates – 1. naad Hessa, Dubai</p>
",UAE,"<p>Everyday: 08:00 AM &#8211; 11:30 PM</p>
",600 54 6000,,info@alansari.ae,27413
Emirates Cooperative Society &#8211; Hatta Branch,24.816722,56.133039,https://alansariexchange.com/wp-content/themes/alansari/assets/images/active.png,"<p>Ground Floor, Hatta Emirates Coop, UAE</p>
",UAE,"<p>Monday – Saturday: 08:00 AM &#8211; 12:00 MN, Sunday &#8211; 09:00 AM &#8211; 12:00 MN</p>
",600 54 6000,,info@alansari.ae,27414
Emirates Cooperative Society &#8211; Mezhar Branch,25.261533,55.44117,https://alansariexchange.com/wp-content/themes/alansari/assets/images/active.png,"<p>Emirates Coop, Mizhar 2, Dubai</p>
",UAE,"<p>Monday – Saturday: 8:00 AM &#8211; 11:30 PM<br />
Sunday &#8211; 9:00 AM &#8211; 11:00 PM</p>
",600 54 6000,,info@alansari.ae,27415
Emirates Cooprative Society &#8211; Al Twar 3 Branch,25.255188,55.397421,https://alansariexchange.com/wp-content/themes/alansari/assets/images/active.png,"<p>Emirates Coop, Twar3, Al Nahda Road, Dubai</p>
",UAE,"<p>Monday – Saturday: 8:00 AM &#8211; 11:30 PM<br />
Sunday &#8211; 9:00 AM &#8211; 11:00 PM</p>
",600 54 6000,,info@alansari.ae,27443
ENOC JAFZA Branch,24.968082,55.07805,https://alansariexchange.com/wp-content/themes/alansari/assets/images/active.png,"<p>ENOC Petrol Station, Gate No. 5, JAFZA</p>
",UAE,"<p>Monday – Saturday: 09:00 AM &#8211; 06:00 PM, Sunday: Closed</p>
",600 54 6000,,info@alansari.ae,27416
Etisalat Metro Station Branch,25.254864413020933,55.400837540624806,https://alansariexchange.com/wp-content/themes/alansari/assets/images/active.png,"<p>Shop No. R40.2, Etisalat Metro Station, Al Nahda St., Al Qusais 3, Dubai</p>
",UAE,"<p><span>Monday – Saturday: 12:00 PM – 10:00 PM, Sunday: Closed</span></p>
",600 54 6000,,info@alansari.ae,540861
First Avenue Mall Branch,25.046541,55.241214,https://alansariexchange.com/wp-content/themes/alansari/assets/images/active.png,"<p>Shop No. 13, Ground Floor, First Avenue Mall, Motor City, Dubai</p>
",UAE,"<p>Monday – Sunday: 8:00 AM &#8211; 11:30 PM</p>
",600 54 6000,,info@alansari.ae,27451
Fish Roundabout Branch,25.270477,55.315947,https://alansariexchange.com/wp-content/themes/alansari/assets/images/active.png,"<p>Shop Nos. 5 &amp; 6, Fish Roundabout, Deira, Dubai</p>
",UAE,"<p>Everyday: 08:00 AM &#8211; 11:30 PM</p>
",600 54 6000,,info@alansari.ae,27417
Global Village Branch,25.07125284045657,55.30799429274001,https://alansariexchange.com/wp-content/themes/alansari/assets/images/active.png,"<p>Shop no. S2, Global Village, Dubai</p>
",UAE,"<p>Every day: 04:00 PM – 12:00 MN</p>
",600 54 6000,,info@alansari.ae,61073
Gold and Diamond Park Branch,25.126117,55.207754,https://alansariexchange.com/wp-content/themes/alansari/assets/images/active.png,"<p>Sheikh Zayed Road, Dubai</p>
",UAE,"<p>Monday – Saturday: 07:30 AM – 10:30 PM, Sunday &#8211; 10:00 AM &#8211; 10:00 PM</p>
",600 54 6000,,info@alansari.ae,27418
Gold Souq Metro Station Branch,25.27638652950906,55.301519548086866,https://alansariexchange.com/wp-content/themes/alansari/assets/images/active.png,"<p>Unit No. 08, Ground Floor, Building 1, Gold Souq Metro Station, Deira</p>
",UAE,"<p><span>Monday – Thursday: 09:00 AM – 10:00 PM, Friday &#8211; Sunday: 09:00 AM – 11:00 PM</span></p>
",600 54 6000,,info@alansari.ae,447746
Hamarain Centre Branch,25.26663,55.329834,https://alansariexchange.com/wp-content/themes/alansari/assets/images/active.png,"<p>Hamarain Centre, Deira, Dubai</p>
",UAE,"<p>Monday – Saturday: 8:00 AM &#8211; 11:00 PM<br />
Sunday &#8211; 9:00 AM &#8211; 11:00 PM</p>
",600 54 6000,,info@alansari.ae,27419
Hor Al Anz 2 Branch,25.276947942845837,55.33765206632416,https://alansariexchange.com/wp-content/themes/alansari/assets/images/active.png,"<p>Shop Nos. 1, 2 &amp; 3, Al Safiyah Building, 30B Street – Hor Al Anz, Deira, Dubai</p>
",UAE,"<p>Monday – Saturday: 08:00 AM &#8211; 11:30 PM,<br />
Sunday &#8211; 09:00 AM &#8211; 11:30 PM</p>
",600 54 6000,,info@alansari.ae,223108
Hor Al Anz Branch,25.274964,55.329462,https://alansariexchange.com/wp-content/themes/alansari/assets/images/active.png,"<p>Abu Baker Siddique Road, Near Muteena St. Signal, Hor Al Anz, Deira, Dubai</p>
",UAE,"<p>Monday – Saturday: 8:00 AM &#8211; 11:30 PM<br />
Sunday &#8211; 9:00 AM &#8211; 11:30 PM</p>
",600 54 6000,,info@alansari.ae,27420
IBN Batutta Mall Branch &#8211; China Court,25.04789400306159,55.12208322993655,https://alansariexchange.com/wp-content/themes/alansari/assets/images/active.png,"<p>IBN Batutta Mall, China Court</p>
",UAE,"<p>Monday – Sunday: 09:00 AM – 12:00 MN</p>
<p>&nbsp;</p>
",600 54 6000,,info@alansari.ae,27421
IBN Batutta Mall Branch &#8211; Tunisia Court,25.046171,55.122401,https://alansariexchange.com/wp-content/themes/alansari/assets/images/active.png,"<p>IBN Batutta Mall, Tunisia Court (Next to Carrefour)</p>
",UAE,"<p>Monday – Sunday: 09:00 AM – 12:00 MN</p>
",600 54 6000,,info@alansari.ae,27422
IBN Batutta Mall Branch &#8211; Tunisia Court 2,25.04159,55.118353,https://alansariexchange.com/wp-content/themes/alansari/assets/images/active.png,"<p>Unit No. IBS-GF-052, Next to Carrefour, Ibn Battuta Mall, Dubai</p>
",UAE,"<p>Monday – Sunday: 09:00 AM – 12:00 MN</p>
",600 54 6000,,info@alansari.ae,27423
International City Branch,25.168444465661768,55.40936393726836,https://alansariexchange.com/wp-content/themes/alansari/assets/images/active.png,"<p>Shop No. 1, C.B.D 29, Plot No. 547, Al &#8211; 1st street, Dubai</p>
",UAE,"<p>Everyday: 08:00 AM &#8211; 11:30 PM</p>
",600 54 6000,,info@alansari.ae,43635
"I Rise Tower Barsha Heights Branch, Dubai",25.097042589440136,55.18075251579356,https://alansariexchange.com/wp-content/themes/alansari/assets/images/active.png,"<p>Shop No. G17, Ground Floor, I Rise<br />
Tower, Hessa Street, Barsha Heights, Dubai</p>
",UAE,"<p>Monday &#8211; Saturday: 8:00 AM – 12:00 AM<br />
Sunday: 9:00 AM – 12:00 AM</p>
",,+971 - 600 54 6000,info@alansari.ae,145293
J3 Mall Branch,25.147156,55.210579,https://alansariexchange.com/wp-content/themes/alansari/assets/images/active.png,"<p>Unit No. 14, Ground Floor, J3 Mall, Khamis Abdulla Saeed Bin Subaih, Al Manara, Dubai, UAE</p>
",UAE,"<p>Monday – Saturday: 8:00 AM &#8211; 10:00 PM<br />
Sunday &#8211; 9:00 AM &#8211; 10:00 PM</p>
",600 54 6000,,info@alansari.ae,27424
Jabel Ali Industrial Area Al Kabayel Branch,25.0061692,55.1031712,https://alansariexchange.com/wp-content/themes/alansari/assets/images/active.png,"<p>Shop No. 1, 17 &amp; 18 CIG Central Mall, Al Kabayel, Jebel Ali Industrial Area, Dubai</p>
",UAE,"<p>Monday – Saturday: 8:00 AM &#8211; 10:30 PM<br />
Sunday &#8211; 8:30 AM &#8211; 10:30 PM</p>
",600 54 6000,,info@alansari.ae,49893
Jumaira Plaza Shopping Mall Branch,25.22961651383753,55.262388891063914,https://alansariexchange.com/wp-content/themes/alansari/assets/images/active.png,"<p>Unit No. JP04, Jumaira Plaza Shopping Mall, Jumeirah Beach Road, Jumeirah 1, Dubai</p>
",UAE,"<p>Monday &#8211; Saturday: 08:30 AM – 11:00 PM, Sunday: 09:00 AM – 10:30 PM</p>
",600 54 6000,,info@alansari.ae,597150
Jumeirah Beach Residence,25.081477152342444,55.13971702385959,https://alansariexchange.com/wp-content/themes/alansari/assets/images/active.png,"<p>Jumeirah Beach Residence, Dubai</p>
",UAE,"<p>Everyday: 08:00 AM &#8211; 11:00 PM</p>
<p>&nbsp;</p>
",600 54 6000,,info@alansari.ae,49920
Jumeirah Lake Towers C F Jlt Branch,25.077296,55.155061,https://alansariexchange.com/wp-content/themes/alansari/assets/images/active.png,"<p>JLT, Red Diamond Building, Beside Carrefour Market</p>
",UAE,"<p>Monday – Saturday: 8:00 AM &#8211; 12:00 MN<br />
Sunday -9:00 AM &#8211; 12:00 MN</p>
",600 54 6000,,info@alansari.ae,27427
Karama 2 Branch,25.245642055347556,55.30287954056737,https://alansariexchange.com/wp-content/themes/alansari/assets/images/active.png,"<p>Shop No S02 &amp; S03, Mohamed Al Falasi Building, Kuwait Street, Karama, Dubai</p>
",UAE,"<p>Monday – Saturday: 08:00 AM – 11:00 PM<br />
Sunday: 9:00 AM &#8211; 11:00 PM</p>
<p>&nbsp;</p>
",600546000,,info@alansari.ae,52723
Lulu Hypermarket &#8211; Al Barsha Branch,25.11706,55.207854,https://alansariexchange.com/wp-content/themes/alansari/assets/images/active.png,"<p>Lulu Hypermarket, Al Barsha, Dubai</p>
",UAE,"<p>Monday – Sunday: 08:00 AM – 12:00 MN</p>
",600 54 6000,,info@alansari.ae,27429
Lulu Hypermarket &#8211; Al Qusais Branch,25.278947,55.36236,https://alansariexchange.com/wp-content/themes/alansari/assets/images/active.png,"<p>Lulu Hypermarket, Al Qusais, Dubai</p>
",UAE,"<p>Monday – Sunday: 08:30 AM – 12:00 MN</p>
",600 54 6000,,info@alansari.ae,27430
Lulu Hypermarket Karama Branch,25.238484448647664,55.29949726356327,https://alansariexchange.com/wp-content/themes/alansari/assets/images/active.png,"<p>Shop No. 5, Ground Floor, Lulu Hypermarket Karama, Sheikh Rashid Road, Al Karama, Dubai</p>
",UAE,"<p>Every day: 08:00 AM- 11:30 PM</p>
",600 54 6000,,info@alansari.ae,548796
Lulu Village Branch,25.280939,55.411229,https://alansariexchange.com/wp-content/themes/alansari/assets/images/active.png,"<p>Lulu Village, near 42nd St, Muhaishah 4, DXB</p>
",UAE,"<p>Everyday: 08:00 AM &#8211; 11:30 PM</p>
",600 54 6000,,info@alansari.ae,27431
Madina Mall Branch,25.282404,55.398259,https://alansariexchange.com/wp-content/themes/alansari/assets/images/active.png,"<p>Beirut Street, Madina Mall, First Floor, Beside Carrefour.</p>
",UAE,"<p>Monday – Sunday: 09:00 AM – 12:00 MN</p>
",600 54 6000,,info@alansari.ae,27432
Mall of the Emirates 1 Branch,25.117856,55.200312,https://alansariexchange.com/wp-content/themes/alansari/assets/images/active.png,"<p>Ground floor, Mall of the Emirates, Dubai</p>
",UAE,"<p>Monday – Sunday: 09:00 AM – 12:00 MN</p>
",600 54 6000,,info@alansari.ae,27433
Mall of the Emirates 3 Branch,25.118120876480475,55.200582554270625,https://alansariexchange.com/wp-content/themes/alansari/assets/images/active.png,"<p>Ground Floor, Entrance 4, Mall of The Emirates, Al Barsha 1, Dubai</p>
",UAE,"<p>Every Day: 09:00 AM – 12:00 MN</p>
",600 54 6000,,info@alansari.ae,588210
Mall of the Emirates – Metro Link,25.119549398946425,55.20083424976612,https://alansariexchange.com/wp-content/themes/alansari/assets/images/active.png,"<p>Unit No. F11J, Level 1, Mall of the Emirates, Metro Link, Sheikh Zayed Road, Al Barsha 1, Dubai</p>
",UAE,"<p>Every Day: 09:00 AM &#8211; 12:00 MN</p>
",600 54 6000,,info@alansari.ae,290494
Marina Mall Branch,25.076372,55.140795,https://alansariexchange.com/wp-content/themes/alansari/assets/images/active.png,"<p>GF K11, Ground Level, Behind Starbucks, Dubai Marina Mall</p>
",UAE,"<p>Sunday &#8211; Wednesday : 08:00 AM &#8211; 11:00 PM, Thursday &#8211; Saturday : 08:00 AM &#8211; 12:00 MN</p>
",600 54 6000,,info@alansari.ae,27411
Marina Walk Branch,25.085195026629687,55.14832330809626,https://alansariexchange.com/wp-content/themes/alansari/assets/images/active.png,"<p>Ground Floor, Near to the Water Fountain, Next to the Exit in Dubai Marina Walk</p>
",UAE,"<p>Saturday &#8211; Wednesday : 08:00 AM &#8211; 11:00 PM, Thursday &#8211; Friday : 08:00 AM &#8211; 12:00 MN</p>
",600 54 6000,,info@alansari.ae,27435
Mercato Mall Branch,25.21665528465928,55.25298583525115,https://alansariexchange.com/wp-content/themes/alansari/assets/images/active.png,"<p>Shop No: 27A, Ground Floor</p>
<p>Mercato Shopping Mall</p>
<p>Jumeirah Beach Road</p>
<p>Jumeirah 1, Dubai</p>
",UAE,"<p>Monday – Saturday: 8:00 AM -11:00 PM<br />
Sunday &#8211; 10:00 AM &#8211; 11:00 PM</p>
<p>&nbsp;</p>
",600 54 6000,,info@alansari.ae,54880
Mirdif City Center Branch,25.218409,55.406647,https://alansariexchange.com/wp-content/themes/alansari/assets/images/active.png,"<p>North Entrance, Ground Floor, Mirdif City Center, Mirdif, Dubai</p>
",UAE,"<p>Monday – Sunday: 9:00 AM &#8211; 12:00 MN</p>
",600 54 6000,,info@alansari.ae,27436
Murar Branch,25.278626,55.311049,https://alansariexchange.com/wp-content/themes/alansari/assets/images/active.png,"<p>Omar Bin Al Khattab Street, near Murar Jadeed Bus Station, Murar, Deira, Dubai</p>
",UAE,"<p>Everyday: 08:00 AM &#8211; 11:00 PM</p>
",600 54 6000,,info@alansari.ae,27437
Murshid Branch,25.267955,55.301312,https://alansariexchange.com/wp-content/themes/alansari/assets/images/active.png,"<p>Murshid Bazar, Dubai</p>
",UAE,"<p>MON, TUES,WED,THURS,SAT: 8:30 AM &#8211; 1:30 PM / 5:00 PM &#8211; 9:00 PM FRIDAY: 8:30 AM &#8211; 1:00 PM / 5:00 PM &#8211; 9:00 PM</p>
<p>SUN &#8211; CLOSED</p>
",600 54 6000,,info@alansari.ae,27438
My City Centre Al Barsha Branch,25.06943,55.241974,https://alansariexchange.com/wp-content/themes/alansari/assets/images/active.png,"<p>Unit No. B10, Ground Floor, My City Centre, Al Barsha, Dubai</p>
",UAE,"<p>Monday &#8211; Sunday: 08:00 AM &#8211; 12:00 AM</p>
",600 54 6000,,info@alansari.ae,27452
Nad Al Hammar Mall Branch,25.190392280791308,55.392693179219904,https://alansariexchange.com/wp-content/themes/alansari/assets/images/active.png,"<p>Shop No. F10, First Floor, Nad Al Hammar Mall, Dubai</p>
",UAE,"<p><span>Everyday: 09:00 AM – 12.00 MN</span></p>
",600 54 6000,,info@alansari.ae,438620
Naif Branch,25.271345,55.301724,https://alansariexchange.com/wp-content/themes/alansari/assets/images/active.png,"<p>Naif Road, Opposite AL Karnak Hotel, Dubai</p>
",UAE,"<p>Everyday: 08:00 AM &#8211; 11:00 PM</p>
",600 54 6000,,info@alansari.ae,27439
Nesto Hypermarket Industrial Area 1 Jabel Ali Branch,24.995893692241665,55.14269146500074,https://alansariexchange.com/wp-content/themes/alansari/assets/images/active.png,"<p>Unit No. 23, Ground Floor, Nesto Hypermarket, 74 Street, Jabel Ali Industrial Area</p>
",UAE,"<p>Everyday<span>: 08:00 AM – 10:30 PM</span></p>
",600 54 6000,,info@alansari.ae,440669
Oasis Centre Branch,25.169176,55.241499,https://alansariexchange.com/wp-content/themes/alansari/assets/images/active.png,"<p>Ground Floor, Carrefour Market Entrance, Oasis Centre, Sheikh Zayed Road, Dubai</p>
",UAE,"<p>Monday – Sunday: 08:30 AM – 12:00 MN</p>
",600 54 6000,,info@alansari.ae,27440
Sheikh Zayed Road,25.217209192607182,55.27828696365567,https://alansariexchange.com/wp-content/themes/alansari/assets/images/active.png,"<p>Plot No. 335-104, Al Safa Tower, Sheikh Zayed Road, Trade Center 1, Dubai</p>
",UAE,"<p><span>Everyday: 08:00 AM – 12:00 MN</span></p>
",600 54 6000,,info@alansari.ae,228142
"Silicon Central Branch, Dubai",25.112161191380043,55.3744645498297,https://alansariexchange.com/wp-content/themes/alansari/assets/images/active.png,"<p>Unit No. C-0006 Silicon Central, Dubai<br />
Silicon Oasis, Dubai</p>
",UAE,"<p>Monday &#8211; Saturday: 08:00 AM – 12:00 AM<br />
Sunday: 08:30 AM – 12:00 AM</p>
",600 54 6000,,info@alansari.ae,141000
Sonapour Branch,25.261642,55.424568,https://alansariexchange.com/wp-content/themes/alansari/assets/images/active.png,"<p>Muhishah 2, Sonapour, Beside Talal Supermarket, Dubai</p>
",UAE,"<p>Monday – Sunday: 08:00 AM – 10:30 PM; Friday Prayer Break: 01:00 PM &#8211; 02:00 PM</p>
",600 54 6000,,info@alansari.ae,27441
Souk Madinat Jumeirah Branch,25.133213,55.186257,https://alansariexchange.com/wp-content/themes/alansari/assets/images/active.png,"<p>Shop No. 32 near Burj Viewing Deck, Souk Madinat Jumeirah, Dubai</p>
",UAE,"<p>Everyday: 09:00 AM – 11:00 PM</p>
",600 54 6000,,info@alansari.ae,27442
Souq Al Kabeer Branch,25.268073519830107,55.297512386411796,https://alansariexchange.com/wp-content/themes/alansari/assets/images/active.png,"<p>Shop No. 14, Al Souq Al Kabeer, Deira Dubai</p>
",UAE,"<p>Everyday: 08:00 AM &#8211; 10:30 PM</p>
",600 54 6000,,info@alansari.ae,42129
The Beach JBR,25.075707386877266,55.13145315648672,https://alansariexchange.com/wp-content/themes/alansari/assets/images/active.png,"<p>Kiosk No. TB-14 The Beach, Jumeirah Beach Residence, Dubai</p>
",UAE,"<p><span>Everyday: 09:00 AM – 12:00 MN</span></p>
<p>&nbsp;</p>
",600 54 6000,,info@alansari.ae,27426
The Dubai Mall 4 (At The Top) Branch,25.19758922983466,55.276363394171995,https://alansariexchange.com/wp-content/themes/alansari/assets/images/active.png,"<p>Unit No. TDM-LG-194, The Dubai Mall,<br />
Financial Center Street, Sheikh Zayed Road, Dubai</p>
",UAE,"<p>Monday &#8211; Sunday: 09:00 AM – 12:00 MN</p>
<p>&nbsp;</p>
<p>&nbsp;</p>
",,600546000,info@alansari.ae,110295
The Pointe Palm Jumeirah Branch,25.125350838497237,55.12265589094792,https://alansariexchange.com/wp-content/themes/alansari/assets/images/active.png,"<p>Unit # TPT-G-C-IM10A, The Pointe Palm Jumeirah Road, Dubai</p>
",UAE,"<p>Monday – Saturday: 08:00 AM – 11:00 PM, Sunday: 12:00 NN &#8211; 10:00 PM</p>
",600 54 6000,,info@alansari.ae,27458
Union Coop &#8211; Hessa Street Branch,25.084864364076328,55.19932396389014,https://alansariexchange.com/wp-content/themes/alansari/assets/images/active.png,"<p>Shop No. G 07, Union Coop Hessa Street Branch, Al Barsha 3, Dubai</p>
",UAE,"<p>Monday – Sunday: 08:00 AM – 11:30 PM; Friday Prayer Break: 01:00 PM &#8211; 02:00 PM</p>
<p>&nbsp;</p>
<p>&nbsp;</p>
",600 54 6000,,info@alansari.ae,49870
Union Coop Al Barsha South Mall Branch,25.085843243650174,55.24169336071715,https://alansariexchange.com/wp-content/themes/alansari/assets/images/active.png,"<p>Unit F-05, First Floor Union Coop, Al Barsha South Mall, Street 58, Al Barsha South, Dubai</p>
<p>&nbsp;</p>
<p>&nbsp;</p>
",UAE,"<p>Monday – Saturday: 8:00 AM &#8211; 11:30 PM<br />
Sunday &#8211; 10:00 AM &#8211; 11:30 PM</p>
<p>&nbsp;</p>
",600546000,,info@alansari.ae,52412
Union Cooperative Society &#8211; Abu Hail Branch,25.287557,55.322696,https://alansariexchange.com/wp-content/themes/alansari/assets/images/active.png,"<p>Shop No. G-03, Ground Floor, Abu Hail Union Coop, Dubai</p>
",UAE,"<p>Monday – Saturday: 08:00 AM – 11:00 PM, Sunday: 9:00 AM &#8211; 11:00 PM; Friday Prayer Break: 01:00 PM &#8211; 02:00 PM</p>
",600 54 6000,,info@alansari.ae,27453
Union Cooperative Society &#8211; Al Wasl Branch,25.210427,55.270724,https://alansariexchange.com/wp-content/themes/alansari/assets/images/active.png,"<p>Ground Floor, Union Co-Op Society (Behind Shangri-La Hotel, Shk. Zayed Road)</p>
",UAE,"<p>Monday – Saturday: 8:00 AM &#8211; 12:00 MN<br />
Sunday -09:00 AM – 11:30 PM</p>
", 600 54 6000,,info@alansari.ae,27446
Union Cooperative Society &#8211; Umm Suqaim Branch,25.1433125,55.2064375,https://alansariexchange.com/wp-content/themes/alansari/assets/images/active.png,"<p>Umm Suqaim, Union Coop, Dubai</p>
",UAE,"<p>Monday – Sunday:: 08:00 AM – 11:30 PM</p>
",600 54 6000,,info@alansari.ae,27444
Union Coop Jumeirah First Branch,25.22481369070356,55.266054052903854,https://alansariexchange.com/wp-content/themes/alansari/assets/images/active.png,"<p>Shop No:3, Union Coop Jumeirah 1 Branch, Al Wasl Road, Al Badaá, Dubai</p>
",UAE,"<p>Monday – Saturday: 08:00 AM &#8211; 11.30 PM, Sunday: 09:00 AM – 11:30 PM</p>
<p>&nbsp;</p>
",600 54 6000,,info@alansari.ae,53276
Union Coop Motor City Branch,25.045476181214564,55.23283836692485,https://alansariexchange.com/wp-content/themes/alansari/assets/images/active.png,"<p>Shop No. 3, First Floor, Union Coop Motor City, Motor City, Dubai</p>
",UAE,"<p>Every day: 08:00 AM- 12:00 MN</p>
",600 54 6000,,info@alansari.ae,548049
Union Coop Society Al Warqa City Mall Branch,25.206413589774048,55.42592404232928,https://alansariexchange.com/wp-content/themes/alansari/assets/images/active.png,"<p dir=""rtl"" style=""text-align: left"">Unit No. F02A First Floor, Al Warqa City Mall Union Co-operative, Al Warqa 3, Dubai</p>
",UAE,"<p>Monday – Saturday: 08:30 AM &#8211; 12:00 MN, Sunday &#8211; 09:00 AM – 11:00 PM</p>
<p>&nbsp;</p>
",600 54 6000,,info@alansari.ae,42942
Wafi Mall Branch,25.230270740371513,55.31823914686322,https://alansariexchange.com/wp-content/themes/alansari/assets/images/active.png,"<p>Ground Floor, Near Carrefour Hypermarket, Wafi Mall, Bur Dubai</p>
",UAE,"<p>Monday – Sunday: 09:00 AM – 12:00 MN</p>
<p>&nbsp;</p>
",600 54 6000,,info@alansari.ae,27447
Waterfront Market Branch,25.291707312971987,55.324402699999176,https://alansariexchange.com/wp-content/themes/alansari/assets/images/active.png,"<p>Shop No. SH-F28 &amp; SH-F29, Ground Floor, Waterfront Market, Dubai</p>
",UAE,"<p>Monday – Saturday: 08:00 AM – 11:30 PM,</p>
<p>Sunday: 09:00 AM &#8211; 11:00 PM</p>
<p>&nbsp;</p>
",600 54 6000,,info@alansari.ae,27448
Al Arouba Branch,25.353859,55.385962,https://alansariexchange.com/wp-content/themes/alansari/assets/images/active.png,"<p>Al Arouba Street, Sharjah</p>
",UAE,"<p><span>Monday – Saturday: 08:00 AM – 10:30 PM, Sunday: 09:00 AM – 10:30 PM</span></p>
",600 54 6000,,info@alansari.ae,27475
Al Dhaid Branch,25.283131,55.878747,https://alansariexchange.com/wp-content/themes/alansari/assets/images/active.png,"<p>Al Dhaid Main Street, Sharjah</p>
",UAE,"<p>Monday &#8211; Sunday: 08:00 AM &#8211; 11:00 PM</p>
",600 54 6000,,info@alansari.ae,27492
Al Dhaid Mall Branch,25.280479885631678,55.87707009085311,https://alansariexchange.com/wp-content/themes/alansari/assets/images/active.png,"<p>Shop No. 11 &amp; 12, Ground Floor, Al Dhaid Mall, Al Dhaid, Sharjah</p>
",UAE,"<p>Everyday: 08:00 AM &#8211; 11:00 PM</p>
",600 54 6000,,info@alansari.ae,233110
Al Khan 1 Branch,25.33503,55.372032,https://alansariexchange.com/wp-content/themes/alansari/assets/images/active.png,"<p>Sharjah Co-Op Society, Al Khalidiya Street</p>
",UAE,"<p>Monday – Saturday: 08:00 AM &#8211; 12:00 MN, Sunday: 08:00 AM – 11:00 PM; Friday Prayer Break: 12:00 PM &#8211; 01:00 PM</p>
",600 54 6000,,info@alansari.ae,27493
Al Khan 2 Al Salam Building Branch,25.329136,55.374679,https://alansariexchange.com/wp-content/themes/alansari/assets/images/active.png,"<p>Shop No. 1 &amp; 2, Al Salam Building, Al Khan Street, Al Majaz 3</p>
",UAE,"<p>Monday – Saturday: 08:00 AM – 11:30 PM, Sunday : 09:00 AM – 11:00 PM</p>
",600 54 6000,,info@alansari.ae,27481
Al Khan Corniche the Gate Tower Branch,25.313232616110703,55.36978938371743,https://alansariexchange.com/wp-content/themes/alansari/assets/images/active.png,"<p>Unit No. G06, GF, The Gate Tower, Corniche Road, Al Khan, Sharjah</p>
",UAE,"<p><span>Monday – Saturday: 08:00 AM – 11:30 PM Sunday: 08:30 AM – 11:30 PM</span></p>
",600 54 6000,,info@alansari.ae,384878
Al Majaz Branch,25.323869,55.3807653,https://alansariexchange.com/wp-content/themes/alansari/assets/images/active.png,"<p>Shop No. 3, Al Majaz 3, Entifadah Road, Plot No. 767 next to Lulu Al Buhaira, Sharjah</p>
",UAE,"<p>Monday – Saturday: 08:00 AM &#8211; 11:00 PM, Sunday: 10:00 AM &#8211; 10:00 PM</p>
",600 54 6000,,info@alansari.ae,27503
Al Mubarak Center Branch,25.36507,55.393513,https://alansariexchange.com/wp-content/themes/alansari/assets/images/active.png,"<p>Al Mubarak Centre, Al Arouba Street, Sharjah</p>
",UAE,"<p>Monday – Saturday: 08:00 AM – 11:00 PM</p>
<p>Sunday: 9:00 AM &#8211; 11:00 PM</p>
",600 54 6000,,info@alansari.ae,27476
Al Nahda Tower Branch,25.301508,55.372274,https://alansariexchange.com/wp-content/themes/alansari/assets/images/active.png,"<p>Near Carrefour, Shop No. 2 &amp; 3, Al Nahda Street, Al Nahda, Sharjah</p>
",UAE,"<p>Monday – Saturday: 08:00 AM – 12:00 MN, Sunday: 09:00 AM &#8211; 11:30 PM</p>
",600 54 6000,,info@alansari.ae,27482
Al Nasserya Branch,25.370655828779746,55.40577737546484,https://alansariexchange.com/wp-content/themes/alansari/assets/images/active.png,"<p>Shop No. 1 &amp; 2, Al Nasserya Building, Al Zahra’a Street, Al Nasserya, Sharjah</p>
",UAE,"<p>Every day: 08:00 AM – 11:30 PM</p>
<p>&nbsp;</p>
<p>&nbsp;</p>
",600 54 6000,,info@alansari.ae,488267
Al Qarain Branch,25.290874,55.500441,https://alansariexchange.com/wp-content/themes/alansari/assets/images/active.png,"<p>Ground Floor, Sharjah Co-operative Society, Al Qarain, Sharjah</p>
",UAE,"<p>Monday – Saturday: 08:00 AM – 12:00 MN, Sunday: 08:00 AM &#8211; 11:00 PM</p>
",600 54 6000,,info@alansari.ae,27494
Al Qasimia Branch,25.346486,55.399615,https://alansariexchange.com/wp-content/themes/alansari/assets/images/active.png,"<p>Shop No. 3, Ground Floor, Al Qasmia Sharjah</p>
",UAE,"<p>Monday – Sunday: 8:00 AM &#8211; 11:00 PM</p>
",600 54 6000,,info@alansari.ae,27477
Al Riqqa Branch,25.370244,55.426539,https://alansariexchange.com/wp-content/themes/alansari/assets/images/active.png,"<p>Ground Floor, Sharjah Co-operative society, Al Riqqa, Sharjah</p>
",UAE,"<p>Monday &#8211; Saturday: 08:00 AM &#8211; 12:00 MN, Sunday: 08:00 AM &#8211; 11:00 PM; Friday Prayer Break: 12:00 PM &#8211; 01:00 PM</p>
",600 54 6000,,info@alansari.ae,27495
Al Saja&#8217;a Branch,25.300482,55.630368,https://alansariexchange.com/wp-content/themes/alansari/assets/images/active.png,"<p>Shop no. 17 &amp; 18. Sajja Bldg. Al Saja&#8217;a industrial area, Sharjah</p>
",UAE,"<p>Monday – Saturday: 08:00 AM – 10:00 PM, Sunday: 09:00 AM -10:00 PM</p>
",600 54 6000,,info@alansari.ae,35217
Al Sweihat Branch,25.348374,55.461129,https://alansariexchange.com/wp-content/themes/alansari/assets/images/active.png,"<p>Al Sweihat, Sharjah Cooperative Society</p>
",UAE,"<p>Monday – Saturday: 08:00 AM &#8211; 12:00 MN, Sunday: 08:00 AM &#8211; 11:00 PM; Friday Prayer Break: 12:00 PM &#8211; 01:00 PM</p>
",600 54 6000,,info@alansari.ae,27499
Al Taawun Branch,25.311373,55.373937,https://alansariexchange.com/wp-content/themes/alansari/assets/images/active.png,"<p>Shop No. 1, Lootha building 931, Al Taawun, Sharjah</p>
",UAE,"<p>Monday – Saturday: 08:00 AM – 11:30 PM, Sunday: 08:00 AM – 11:00 PM</p>
",600 54 6000,,info@alansari.ae,27478
Al Wahda Street Branch,25.32027,55.387273,https://alansariexchange.com/wp-content/themes/alansari/assets/images/active.png,"<p>Al Wahda Sharjah Road, Near Baskin Robbins, Sharjah</p>
",UAE,"<p>Monday – Saturday:08:00 AM – 11:30 PM, Sunday &#8211; 8:30 AM – 11:30 PM</p>
",600 54 6000,,info@alansari.ae,27479
Al Zahia City Centre Branch,25.31545472074946,55.45494354563785,https://alansariexchange.com/wp-content/themes/alansari/assets/images/active.png,"<p>Unit No. G033, Ground Floor, Al Zahia City Centre, Commercial Muwaleh, Sharjah</p>
",UAE,"<p>Monday – Saturday: 08:30 AM &#8211; 12:00 MN, Sunday 09:00 AM &#8211; 12:00 MN</p>
",600 54 6000,,info@alansari.ae,38781
Ansar Mall Branch,25.30271,55.369045,https://alansariexchange.com/wp-content/themes/alansari/assets/images/active.png,"<p>Ansar Mall, Sharjah</p>
",UAE,"<p>Monday – Saturday: 08:00 AM – 12:00 MN, Sunday: 09:00 AM &#8211; 11:00 PM</p>
",600 54 6000,,info@alansari.ae,27480
Clock Tower Branch,25.361221,55.396285,https://alansariexchange.com/wp-content/themes/alansari/assets/images/active.png,"<p>Sharjah Clock Tower</p>
",UAE,"<p>Monday – Saturday: 08:00 AM – 11:30 PM, Sunday : 08:00 AM – 11:30 PM</p>
",600 54 6000,,info@alansari.ae,27491
Halwan Branch,25.346468,55.4225733,https://alansariexchange.com/wp-content/themes/alansari/assets/images/active.png,"<p>Sharjah Co-Op Society, Halwan, Sharjah</p>
",UAE,"<p>Monday – Sunday: 08:00 AM  &#8211; 12:00 MN; Friday Prayer Break: 12:00 PM &#8211; 01:00 PM</p>
",600 54 6000,,info@alansari.ae,27496
"Industrial Area 10 Branch, Sharjah",25.30429195798579,55.41706615585437,https://alansariexchange.com/wp-content/themes/alansari/assets/images/active.png,"<p>Shop no. 40 Khan Saheb Building S119<br />
Third Industrial Street, Industrial Area 10, Sharjah</p>
",UAE,"<p>Monday-Saturday: 08:00 AM – 11:00 PM,<br />
Sunday: 09:00 AM – 11:00 PM</p>
<p>&nbsp;</p>
<p>&nbsp;</p>
",,+971 - 600 54 6000,info@alansari.ae,73322
Jamal Abdul Naser Street Branch,25.31915898772129,55.38418825890174,https://alansariexchange.com/wp-content/themes/alansari/assets/images/active.png,"<p><span>Unit No. 2, Ground Floor, Bin Ojan Tower 7, Jamal Abdul Naser St, Al Majaz</span></p>
",UAE,"<p><span>Monday – Saturday: 08:00 AM – 11:30 PM Sunday: 08:30 AM – 11:30 PM</span></p>
",600 54 6000,,info@alansari.ae,438638
Kalba Mall Branch,25.019484640304984,56.36017750414896,https://alansariexchange.com/wp-content/themes/alansari/assets/images/active.png,"<p>Unit No. G14, GF, Kalba Mall, Khor Kalba, Sharjah</p>
",UAE,"<p><span>Monday – Saturday: 08:00 AM – 11:30 PM Sunday: 08:30 AM – 11:30 PM</span></p>
",600 54 6000,,info@alansari.ae,384776
Khorfakan Branch,25.391925,56.35142,https://alansariexchange.com/wp-content/themes/alansari/assets/images/active.png,"<p>Shop. No.2, Sharjah Co-op Society, Al Loloeya, Omar Bin Alkhatab St, Khorfakan</p>
",UAE,"<p>Monday &#8211; Saturday: 8:00 AM &#8211; 11:30 PM<br />
Sunday: 8:00 AM &#8211; 11:00 PM</p>
",600 54 6000,,info@alansari.ae,27498
"Khorfakkan 2 Branch, Sharjah",25.346397,56.348766,https://alansariexchange.com/wp-content/themes/alansari/assets/images/active.png,"<p>Shop No.1 Building No.26, E99 Rugaylat<br />
Road Khorfakkan, Sharjah</p>
",UAE,"<p>Monday &#8211; Saturday: 08:00 AM – 11:00 PM, Sunday: 12:00 NN – 10:00 PM</p>
",,+971 - 600 54 6000,info@alansari.ae,73396
King Abdul Aziz Street Branch,25.344038482451023,55.394684030895974,https://alansariexchange.com/wp-content/themes/alansari/assets/images/active.png,"<p>Unit No. 01, Abdulla Ahmed Al Zarooni Building, King Abdul Aziz Street, Al Nad, Al Qasmia, Sharjah</p>
",UAE,"<p><span>Monday – Saturday: 08:00 AM – 11:30 PM Sunday: 08:30 AM – 11:30 PM</span></p>
",600 54 6000,,info@alansari.ae,384851
King Faisal Street Branch,25.335275,55.390662,https://alansariexchange.com/wp-content/themes/alansari/assets/images/active.png,"<p>King Faisal Street, Sharjah</p>
",UAE,"<p>Monday – Saturday: 08:00 AM – 11:30 PM, Sunday: 9:00 AM – 11:00 PM</p>
",600 54 6000,,info@alansari.ae,27483
Macro Emirates &#8211; Industrial 6 Branch,25.317574,55.413233,https://alansariexchange.com/wp-content/themes/alansari/assets/images/active.png,"<p>Macro Emirates &#8211; Industrial Area 6, Street #117, J&amp;P Signal</p>
",UAE,"<p>Monday – Saturday: 08:30 AM – 11:30 PM, Sunday &#8211; 08:30 AM &#8211; 11:00 PM</p>
",600 546000,,info@alansari.ae,27484
Maliha Street Industrial Area 15 Branch,25.2882307,55.4465572 ,https://alansariexchange.com/wp-content/themes/alansari/assets/images/active.png,"<p>Shop No. 14 Nayli 13 building, Maliha Street, Industrial Area 15, Sharjah</p>
",UAE,"<p>Monday – Saturday: 08:00 AM &#8211; 11:00 PM</p>
<p>Sunday: 8:00 AM &#8211; 11:00 PM</p>
",600 54 6000,,info@alansari.ae,28448
Matajer Branch &#8211; Al Mirgab,25.387979,55.421711,https://alansariexchange.com/wp-content/themes/alansari/assets/images/active.png,"<p>Unit No. M002, Ground Floor, Matajer Al Mirgab, Sharjah</p>
",UAE,"<p>Monday – Saturday: 08:30 AM – 12:00 MN, Sunday: 09:00 AM &#8211; 11:00 PM</p>
",600 54 6000,,info@alansari.ae,27485
Mega Mall Branch,25.345172,55.398708,https://alansariexchange.com/wp-content/themes/alansari/assets/images/active.png,"<p>Mega Mall, Sharjah</p>
",UAE,"<p>Monday – Saturday: 08:00 AM – 12:00 MN, Sunday: 09:00 AM &#8211; 12:00 MN</p>
",600 54 6000,,info@alansari.ae,27500
Ramez Hypermarket Branch,25.305745,55.442836,https://alansariexchange.com/wp-content/themes/alansari/assets/images/active.png,"<p>Ground floor, Ramez Hypermarket, Industrial Area 13, Shaikh mohamed Bin zayed road, Sharjah.</p>
",UAE,"<p>Monday – Saturday: 09:00 AM – 11:30 PM, Sunday: 09:00 AM &#8211; 11:00 PM</p>
",600 54 6000,,info@alansari.ae,27486
Ramez Mall Branch,25.335131,55.415976,https://alansariexchange.com/wp-content/themes/alansari/assets/images/active.png,"<p>Unit No 3, Ground Floor, Ramez Shopping Mall, Sharjah</p>
",UAE,"<p>Monday – Sunday: 08:00 AM – 12:00 MN</p>
",600 54 6000,,info@alansari.ae,27487
Safari Mall Sharjah Branch,25.3044749,55.4518461,https://alansariexchange.com/wp-content/themes/alansari/assets/images/active.png,"<p>Shop No. 16, Safari Mall, Sheikh Khalifa Bin Zayed Al Nahyan Road, Industrial Area Muweilah, Sharjah</p>
",UAE,"<p><span>Monday – Sunday : 08:00 AM – 12:00 MN</span></p>
",600 54 6000 ,,info@alansari.ae,37384
Sahara Center 1 Branch,25.297767,55.373216,https://alansariexchange.com/wp-content/themes/alansari/assets/images/active.png,"<p>Ground Floor, Sahara Centre, Sharjah</p>
",UAE,"<p>Monday – Saturday:09:00 AM – 12:00 MN, Sunday : 10:00 AM &#8211; 12:00 MN</p>
",600 54 6000,,info@alansari.ae,27488
Sahara Center 2 Branch,25.297887,55.372624,https://alansariexchange.com/wp-content/themes/alansari/assets/images/active.png,"<p>Basement, Opposite Spinneys, Sahara Centre, Al Nahda Street</p>
",UAE,"<p>Monday – Saturday: 08:30 AM – 12:00 MN, Sunday: 10:00 AM &#8211; 12:00 MN</p>
",600 54 6000,,info@alansari.ae,27489
Sharjah City Centre Branch,25.324592,55.393642,https://alansariexchange.com/wp-content/themes/alansari/assets/images/active.png,"<p>Sharjah City Centre, Sharjah</p>
",UAE,"<p>Monday – Saturday: 08:30 AM – 12:00 MN, Sunday: 09:00 AM &#8211; 12:00 MN</p>
",600 54 6000,,info@alansari.ae,27490
Sharjah Coop Society Kalba Branch,25.052841,56.348915,https://alansariexchange.com/wp-content/themes/alansari/assets/images/active.png,"<p>Sharjaj Co-op Society, Sanaiya Industrial Area, Kalba, Sharjah</p>
",UAE,"<p>Monday &#8211; Saturday: 08:00 AM &#8211; 11:30 PM, Sunday: 08:00 AM &#8211; 11:00 PM</p>
",600 54 6000,,info@alansari.ae,27497
Sharjah Corniche Branch,25.334692,55.388416,https://alansariexchange.com/wp-content/themes/alansari/assets/images/active.png,"<p>Shop No. 02 Belresheed Tower 2, Buhaira, Corniche, Sharjah</p>
",UAE,"<p>Monday &#8211; Saturday: 8:00 AM &#8211; 11:00 PM<br />
Sunday: 10:00 AM &#8211; 11:00 PM</p>
",600546000,,info@alansari.ae,47838
Zawaya Walk Branch,25.330537,55.430047,https://alansariexchange.com/wp-content/themes/alansari/assets/images/active.png,"<p>Unit No. 2 &amp; 3, Ground Floor, Zawaya Walk, Al Shahba Area, Sharjah</p>
",UAE,"<p>Monday &#8211; Saturday: 08:00 AM &#8211; 12:00 MN, Sunday: 09:00 AM &#8211; 11:30 PM</p>
",600 54 6000,,info@alansari.ae,27502
Zero 6 Mall Branch,25.290367,55.496629,https://alansariexchange.com/wp-content/themes/alansari/assets/images/active.png,"<p>Unit No. GF-4 Zero 6 Mall, University City Road, Al Juraina, Sharjah</p>
",UAE,"<p>Monday &#8211; Saturday: 08:00 AM &#8211; 12:00 MN, Sunday: 09:00 AM &#8211; 11:00 PM; Friday Prayer Break: 12:00 PM &#8211; 01:00 PM</p>
",600 54 6000,,info@alansari.ae,27501
Ajman Markets Coop Society Al Jurf,25.425355,55.501342,https://alansariexchange.com/wp-content/themes/alansari/assets/images/active.png,"<p>Unit No. G02, Ground Floor, Al Jurf Union Coop, Ajman Market Cooperative, Ajman, UAE</p>
",UAE,"<p>Monday &#8211; Saturday: 08:00 AM &#8211; 12:00 MN, Sunday: 08:00 AM &#8211; 11:00 PM</p>
",600 54 6000,,info@alansari.ae,27358
Ajman Markets Coop Society Al Rashideya,25.394224878734878,55.455247266668316,https://alansariexchange.com/wp-content/themes/alansari/assets/images/active.png,"<p>Ajman Market Co-op Society, Al Ittihad Road, Al Bustan (old Jawazat Road), Ajman</p>
",UAE,"<p>Everyday: 08:30 AM &#8211; 12:00 MN</p>
",600 54 6000,,info@alansari.ae,27364
Ajman Markets Coop Society Rumailah,25.400467,55.433438,https://alansariexchange.com/wp-content/themes/alansari/assets/images/active.png,"<p>Shop No. G5, Ground Floor, Ajman Market Cooperative Society, Rumailah Ajman</p>
",UAE,"<p>Monday &#8211; Saturday: 08:30 AM &#8211; 12:00 MN, Sunday: 09:00 AM &#8211; 11:00 PM</p>
",600 54 6000,,info@alansari.ae,27359
Al Hoot Centre Branch,25.39571647635565,55.49225381382422,https://alansariexchange.com/wp-content/themes/alansari/assets/images/active.png,"<p>Shop Nos. 1, 2 &amp; 3, Al Hoot Center, Sheikh Maktoum Bin Rashid Street, Ajman Industrial Area 1, Ajman</p>
",UAE,"<p>Everyday: 08:00 AM &#8211; 11:30 PM</p>
",600 54 6000,,info@alansari.ae,49863
Al Hoot Supermarket Al Mowihat Branch,25.382139057105395,55.507328223036374,https://alansariexchange.com/wp-content/themes/alansari/assets/images/active.png,"<p>Shop No.4, Sheikh Ammar Road, Al Hoot Supermarket, Al Mowihat 1, Ajman</p>
",UAE,"<p>Every day: 08:00 AM – 11:30 PM</p>
",600 54 6000,,info@alansari.ae,515858
Al Jurf Industrial 1 Branch,25.429753476865713,55.5236543682503,https://alansariexchange.com/wp-content/themes/alansari/assets/images/active.png,"<p><b>Shop No. 05 Ground Floor, Al Jurf Industrial 1, Ajman</b></p>
",UAE,"<p>Monday &#8211; Saturday: 08:00 AM &#8211; 11:00 PM<br />
Sunday: 09:00 AM &#8211; 10:00 PM</p>
",600 54 6000,,info@alansari.ae,49858
AL MURAD MALL BRANCH,25.389050056751767,55.43903355741149,https://alansariexchange.com/wp-content/themes/alansari/assets/images/active.png,"<p>Unit No. S08 Ground Floor, Al Murad Mall, Ajman</p>
",UAE,"<p><span>Monday &#8211; Saturday: 09:00 AM &#8211; 12:00 MN<br />
Sunday: 09:00 AM &#8211; 11:00 PM</span></p>
",,+971 - 600 54 6000 ,info@alansari.ae,31374
Burj Al Madina Branch,25.405944569252103,55.441838470498254,https://alansariexchange.com/wp-content/themes/alansari/assets/images/active.png,"<p>Shop No. 2, Burj Al Madina, Sheikh Rashid Bin Humeed Street, Al Nuaimia 3, Ajman</p>
",UAE,"<p>Everyday: 08:00 AM &#8211; 11:00 PM</p>
",600 54 6000,,burjmadinaajm@alansari.ae,27366
City Center Ajman,25.39832575693572,55.47800520443976,https://alansariexchange.com/wp-content/themes/alansari/assets/images/active.png,"<p>City Center, Ajman, (Near Etisalat and food court in mall extension)</p>
",UAE,"<p>Monday &#8211; Saturday: 08:30 AM &#8211; 12:00 MN<br />
Sunday: 09:00 AM &#8211; 12:00 MN</p>
",600 54 6000,,info@alansari.ae,27357
City Life Al Tallah Branch,25.366433381747544,55.51076491118255,https://alansariexchange.com/wp-content/themes/alansari/assets/images/active.png,"<p>Shop No. 3, Ground Floor, City Life Al Tallah, Ajman</p>
",UAE,"<p>Everyday: 09:00 AM &#8211; 12:00 MN</p>
",600 54 6000,,info@alansari.ae,27365
Emarats Markets Branch,25.385316500001977,55.46716857055134,https://alansariexchange.com/wp-content/themes/alansari/assets/images/active.png,"<p><span>Shop No 7, Ground Floor, Emarats Market Building, Al Ittihad Street, Ajman</span></p>
",UAE,"<p><span>Everyday: 08:30 AM – 11.30 PM; Friday Prayer Break: 12:00 PM – 02:00 PM</span></p>
",600 54 6000,,info@alansari.ae,438614
Kenz Hypermarket Ajman,25.397959134765998,55.519692998146006,https://alansariexchange.com/wp-content/themes/alansari/assets/images/active.png,"<p>Shop No. 9, Kenz Hypermarket, City Life<br />
Al Hamidiya, Sheikh Maktoum Bin Rashid Street, Al<br />
Hamidiya 1, Ajman</p>
",UAE,"<p>Monday &#8211; Saturday: 08:30 AM – 12:00 MN<br />
Sunday: 09:00 AM – 11:30 PM</p>
",600546000,,info@alansari.ae,141015
Lucky R/A Ajman Industrial 2 Branch,25.375562090966696,55.4775462061585,https://alansariexchange.com/wp-content/themes/alansari/assets/images/active.png,"<p>Shop No 16 &amp; 17,</p>
<p>Lucky Supermarket Building,</p>
<p>Near Lucky Roundabout,</p>
<p>Hassan Bin Haitham Street,</p>
<p>Ajman</p>
",UAE,"<p>Monday &#8211; Saturday: 08:00 AM &#8211; 10:30 PM<br />
Sunday: 09:00 AM &#8211; 10:30 PM</p>
",600 54 6000,,info@alansari.ae,55575
Lulu Hypermarket Branch,25.406919,55.443963,https://alansariexchange.com/wp-content/themes/alansari/assets/images/active.png,"<p>Lulu Hypermarket, Ajman</p>
",UAE,"<p>Everyday: 08:00 AM &#8211; 12:00 MN</p>
<p>&nbsp;</p>
",600 54 6000,,info@alansari.ae,27360
Ramez Hypermarket Branch,25.378968,55.459997,https://alansariexchange.com/wp-content/themes/alansari/assets/images/active.png,"<p>Ground Floor, Ramez Hypermarket</p>
",UAE,"<p>Monday &#8211; Saturday: 08:00 AM &#8211; 12:00 MN<br />
Sunday: 09:00 AM &#8211; 11:00 PM</p>
",600 54 6000,,info@alansari.ae,27361
Safeer Hypermarket &#8211; Al Jurf Branch,25.399462,55.503048,https://alansariexchange.com/wp-content/themes/alansari/assets/images/active.png,"<p>Shop No. 12 &amp; 13, Ground Floor, Safeer Hyper Market, Al Jurf, Ajman. U.A.E</p>
",UAE,"<p>Everyday: 08:30 AM &#8211; 11:30 PM</p>
<p>&nbsp;</p>
",600 54 6000,,info@alansari.ae,27362
Safeer Mall Branch,25.389633791095317,55.44470246807669,https://alansariexchange.com/wp-content/themes/alansari/assets/images/active.png,"<p>Ground Foor, Safeer Mall, Ajman</p>
",UAE,"<p>Monday &#8211; Saturday: 08:30 AM &#8211; 12:00 MN<br />
Sunday: 09:00 AM &#8211; 11:30 PM</p>
",600 54 6000,,info@alansari.ae,27363
Al Hamra Mall Branch,25.682123529475085,55.78062344724854,https://alansariexchange.com/wp-content/themes/alansari/assets/images/active.png,"<p>1st Flr, Al Hamra Mall RAK, Opp. RAK Ceramics</p>
",UAE,"<p>Sunday &#8211; Thursday: 08:30 AM &#8211; 11:00 PM, Friday &#8211; Saturday: 09:00 AM &#8211; 12:00 MN</p>
",600 54 6000,,info@alansari.ae,27467
Al Kharran R/A Branch,25.71250944177752,55.971492717959784,https://alansariexchange.com/wp-content/themes/alansari/assets/images/active.png,"<p>Shop No. 6, Ground Floor, Al Kharan, Ras Al Khaimah</p>
",UAE,"<p>Monday &#8211; Saturday: 08:30 AM – 10:30 PM, Sunday: 09:00 AM – 10:00 PM</p>
",600 54 6000,,info@alansari.ae,27470
Al Manar Mall Branch,25.783865,55.96623,https://alansariexchange.com/wp-content/themes/alansari/assets/images/active.png,"<p>Near the Southern Entrance of Al Manar Mall and beside Carrefour, Ras Al Khaimah</p>
",UAE,"<p>Everyday: 09:00 AM – 12:00 MN</p>
",600 54 6000,,info@alansari.ae,27468
Al Muntasir Street Branch,25.79840052975144,55.97240477116463,https://alansariexchange.com/wp-content/themes/alansari/assets/images/active.png,"<p>Unit No. 4, Ground Floor, Al Muntasir Road, Next to Malabar Gold &amp; Diamonds, RAK</p>
",UAE,"<p>Monday &#8211; Saturday: 8:00 AM -11:00 PM<br />
Sunday: 8:00 AM -10:00 PM</p>
<p>&nbsp;</p>
<p>&nbsp;</p>
",600 54 6000,,info@alansari.ae,27469
Al Naeem Center Branch,25.748792,55.925107,https://alansariexchange.com/wp-content/themes/alansari/assets/images/active.png,"<p>Ground Flr, Al Naeem City Center, Ras Al Khaimah</p>
",UAE,"<p>Monday &#8211; Saturday: 08:30 AM -11:30 PM, Sunday: 10:00 AM -11:00 PM</p>
",600 54 6000,,info@alansari.ae,27473
Al Nakheel Branch,25.793844,55.972645,https://alansariexchange.com/wp-content/themes/alansari/assets/images/active.png,"<p>Al Nakheel Street, Ras Al Khaimah</p>
",UAE,"<p>Monday &#8211; Saturday: 8:00 AM -10:30 PM<br />
Sunday: 9:00 AM -10:00 PM</p>
",600 54 6000,,info@alansari.ae,27471
My City Centre Al Dhait Branch,25.72870055808453,55.91960068035157,https://alansariexchange.com/wp-content/themes/alansari/assets/images/active.png,"<p>Unit No. B26, Ground Floor, My City Centre al Dhait, Ras Al Khaimah</p>
",UAE,"<p>Monday &#8211; Thursday: 09:00 AM &#8211; 10:00 PM, Friday &#8211; Sunday: 09:00 AM &#8211; 11:00 PM</p>
",600 546000,,info@alansari.ae,27474
Nesto Lamp R/A Branch,25.764191913380355,55.96933999138413,https://alansariexchange.com/wp-content/themes/alansari/assets/images/active.png,"<p>Shop No. 4, Nesto Hypermarket Al Qusaidat, Khuzam Rd. E18, Al – Fanous Roundabout, Ras Al Khaimah</p>
",UAE,"<p>Monday &#8211; Saturday: 08:00 AM – 11:30 PM,<br />
Sunday: 08:30 AM – 11:30 PM</p>
",600 54 6000,,info@alansari.ae,145419
Safeena R/A Branch,25.79052,55.944052,https://alansariexchange.com/wp-content/themes/alansari/assets/images/active.png,"<p>Al Inshaa Building, unit No. 1, Sheikh Mohammed Bin Salem street, opposite to Safeena Roundabout, <span>Ras Al Khaimah</span></p>
",UAE,"<p>Monday &#8211; Saturday: 08:00 AM -11:00 PM<br />
Sunday: 09:00 AM -10:00 PM</p>
",600 54 6000,,info@alansari.ae,27472
Century Mall Branch,25.15715623327711,56.34961435518019,https://alansariexchange.com/wp-content/themes/alansari/assets/images/active.png,"<p>Unit no. LS 5 &amp; 6, Ground Floor, Opposite Carrefour Entrance, Century Mall, Fujairah</p>
",UAE,"<p>Monday &#8211; Saturday: 08:30 AM – 12:00 MN, Sunday: 09:00 AM – 11:30 PM</p>
",600 54 6000,,info@alansari.ae,27463
City Center Fujairah,25.126582426592645,56.30253658539989,https://alansariexchange.com/wp-content/themes/alansari/assets/images/active.png,"<p>Unit G 042, Ground Floor, City Center Fujairah , E84 Maliha Fujairah Road, Fujairah</p>
",UAE,"<p>Everyday: 09:00 AM &#8211; 12:00 MN</p>
",600 54 6000,,info@alansari.ae,68780
Fujairah Branch,25.121628,56.34343,https://alansariexchange.com/wp-content/themes/alansari/assets/images/active.png,"<p>Humaid Bin Abdulla Street, Fujairah</p>
",UAE,"<p>Everyday: 08:30 AM – 11:00 PM</p>
",600 54 6000,,info@alansari.ae,27464
Lulu Hypermarket Dibba Branch,25.588651,56.272681,https://alansariexchange.com/wp-content/themes/alansari/assets/images/active.png,"<p>Shop No. G 2, Ground floor, Al Rashidiya road, Dibba, Fujairah.</p>
",UAE,"<p>Everyday : 08:00 AM – 11:30 PM</p>
",600 54 6000,,info@alansari.ae,27465
Masafi Branch,25.299855332059416,56.165389615992574,https://alansariexchange.com/wp-content/themes/alansari/assets/images/active.png,"<p>GF Bin Dawood Al Abdouli Building, E88 AL Dhaid East Coast Road Masafi, Fujairah</p>
",UAE,"<p>Monday &#8211; Saturday: 08:00AM &#8211; 11:00 PM</p>
<p>Sunday: 09:00AM &#8211; 11:00 PM</p>
<p>&nbsp;</p>
<p>&nbsp;</p>
",600 54 6000,,info@alansari.ae,71547
Qidfa&#8217;a Branch,25.28381291897554,56.36141357944174,https://alansariexchange.com/wp-content/themes/alansari/assets/images/active.png,"<p>Shop No. 1, Ground Floor, Building 52, Fujairah Khorfakkan Road, Murbah, Fujairah</p>
",UAE,"<p>Monday &#8211; Saturday : 08:30 AM – 11:00 PM, Sunday: 09:00 AM – 11:00 PM</p>
",600 54 6000,,info@alansari.ae,27466
Bazar Discount Center Branch,25.501619550086126,55.550593553162926,https://alansariexchange.com/wp-content/themes/alansari/assets/images/active.png,"<p>Shop No. 2, Ground Floor, Bazar Discount Centre, King Faisal Street, Al Maqta’a, UAQ</p>
",UAE,"<p><span>Monday – Saturday: 08:30 AM – 11:30 PM, Sunday : 09:00 AM – 11:00 PM</span></p>
",600 54 6000,,info@alansari.ae,27504
Carrefour Express Branch,25.547654,55.545051,https://alansariexchange.com/wp-content/themes/alansari/assets/images/active.png,"<p>Shop No. 4, Carrefour Market, King Faisal Road, Umm Al Quwain.</p>
",UAE,"<p>Monday &#8211; Saturday: 08:30 AM – 11:30 PM, Sunday : 09:00 AM – 11:00 PM</p>
",600 54 6000,,info@alansari.ae,27505
Mall of Umm Al Quwain Branch,25.520945,55.54412,https://alansariexchange.com/wp-content/themes/alansari/assets/images/active.png,"<p>Retail 39, Ground Floor, Mall of Umm Al Quwain</p>
",UAE,"<p>Monday &#8211; Saturday: 08:00 AM – 12:00 MN, Sunday : 09:00 AM – 12:00 MN</p>
",600 54 6000,,info@alansari.ae,27506
