26.279304,50.187125,,10TH STREET THUGBAH ( Mishal GS ),"Location: 10TH STREET THUGBAH ( Mishal GS )

District: AlThuoqbah"
18.211827,42.503325,,ABHA MAIN BRANCH,"Location: ABHA MAIN BRANCH

District: Thirah"
18.211827,42.503325,,ABHA MAIN BRANCH,"Location: ABHA MAIN BRANCH

District: Thirah"
18.211827,42.503325,,Abha Main Branch,"District: Thirah


City: ABHA
Region: Western"
21.708201,39.102279,,Abhour Gas Station,"Location: Abhour Gas Station

District: AlMarjan"
18.202323,42.512744,,Abo Waleed Center,"Location: Abo Waleed Center

District: Tharh"
25.93893933,49.67821624,,ABQAIQ CENTRAL ARAMCO ADMIN BLDG.,"Location: ABQAIQ CENTRAL ARAMCO ADMIN BLDG.

District: Al Farha - Aramco Saudia"
21.602474,39.108755,,Adeem Company,"Location: Adeem Company

District: Ash Shati"
25.389906,49.559867,,Al Ahsa Municipality Bldg.,"Location: Al Ahsa Municipality Bldg.

District: Ein Najem"
21.576394,39.209504,,Al Arbaeen St Gas Station,"Location: Al Arbaeen St Gas Station

District: Meshrifah"
29.998295,40.22232,,Al Daba'an Gas Station,"Location: Al Daba'an Gas Station

District: Unnamed District"
24.626886,46.709741,,Al Deera Center - Walk Thru,"Location: Al Deera Center - Walk Thru

District: AlDirah"
16.886996,42.582581,,Al Drees Gas Station,"Location: Al Drees Gas Station

District: Airport"
26.405494,43.913626,,Al Fouzan Gas Station ATM 1 - (Dual Dispenser),"Location: Al Fouzan Gas Station ATM 1 - (Dual Dispenser)

District: AlRayyan"
26.419988,43.904938,,Al Fouzan Gas Station ATM 2,"Location: Al Fouzan Gas Station ATM 2

District: AlRihab"
26.457436,50.096759,,Al Hadlaq Gas Station (AL Drees),"Location: Al Hadlaq Gas Station (AL Drees)

District: AlSalam"
25.34151,49.553846,,AL QAHTANI Gas Station (Taimaa),"Location: AL QAHTANI Gas Station (Taimaa)

District: Alsulaimaneiah AlJanoubeiah"
21.585842,39.224668,,Al Sharbatly Clod Store,"Location: Al Sharbatly Clod Store

District: AlSafa"
21.242855,40.417918,,Al Thubaiti Gas Station,"Location: Al Thubaiti Gas Station

District: AlSadad"
24.638027,46.845948,,AlAayd Gas Station,"Location: AlAayd Gas Station

District: AlSulay"
25.374892,49.588433,,ALAHSA MUNICIPALITY ALSOUK AREA,"Location: ALAHSA MUNICIPALITY ALSOUK AREA

District: AlRifah AlJanubeiah"
25.489674,49.549701,,ALAJAJI Gas Station DHAHRAN MAIN ROAD,"Location: ALAJAJI Gas Station DHAHRAN MAIN ROAD

District: Unnamed District"
21.269851,40.424155,,AlAmal Gas Station,"Location: AlAmal Gas Station

District: AlShuhada AlShamaleiah"
21.534759,39.208833,,AlAmeen Center,"Location: AlAmeen Center

District: Bani Malik"
26.449629,50.088288,,ALAMWAJ Gas Station,"Location: ALAMWAJ Gas Station

District: AlKhalej"
26.40355079,50.10284607,,ALANDALUS BRANCH,"Location: ALANDALUS BRANCH

District: AL Rayan"
26.40355,50.10258,,ALANDALUS BRANCH,"Location: ALANDALUS BRANCH

District: AL Rayan"
18.214797,42.515773,,ALASHI CENTER - ANDALUS St.,"Location: ALASHI CENTER - ANDALUS St.

District: AlNuzhah"
25.370135,49.566534,,ALASIMAH G/S RAIL WAY ROAD,"Location: ALASIMAH G/S RAIL WAY ROAD

District: AlMazrouyah"
24.490244,39.637782,,AlAwaji Gas Station,"Location: AlAwaji Gas Station

District: AlArid"
21.355468,39.890124,,AlAwali Branch,"Location: AlAwali Branch

District: AlAwaly"
28.385468,36.591805,,AlBader Center,"Location: AlBader Center

District: Olayya"
24.588851,46.625302,,AlBadiah Branch,"Location: AlBadiah Branch

District: Thahrat AlBadeiah"
24.588777,46.625397,,AlBadiah Branch,"Location: AlBadiah Branch

District: Thahrat AlBadeiah"
27.065383,49.558742,,AlBairony Company (Walk Thru),"Location: AlBairony Company (Walk Thru)

District: Industrial Area"
21.480566,39.183667,,AlBalad Branch,"Location: AlBalad Branch

District: AlBalad"
21.480566,39.183667,,AlBalad Branch,"Location: AlBalad Branch

District: AlBalad"
21.680514,39.124181,,AlBasateen Branch,"Location: AlBasateen Branch

District: AlBasateen"
21.680514,39.124181,,AlBasateen Branch,"Location: AlBasateen Branch

District: AlBasateen"
21.594864,39.173022,,AlBawadi Branch,"Location: AlBawadi Branch

District: AlBawadi"
21.594864,39.173022,,AlBawadi Branch,"Location: AlBawadi Branch

District: AlBawadi"
21.594864,39.173022,,AlBawadi Branch,"Location: AlBawadi Branch

District: AlBawadi"
26.428384,50.073391,,ALBURAIDI G/S KING KHALED STREET,"Location: ALBURAIDI G/S KING KHALED STREET

District: AlJalawiyah"
24.84862,46.63331,,AlBustan Compound,"Location: AlBustan Compound

District: Al Aarid"
25.43422,49.591794,,ALBUSTAN Gas Station,"Location: ALBUSTAN Gas Station

District: AlRashdiyah"
21.649136,39.13998,,AlDahab AlAswad Gas Station,"Location: AlDahab AlAswad Gas Station

District: AlMuhammadiah"
25.393224,49.561296,,AlDanube - Al-Salam,"Location: AlDanube - Al-Salam

District: Middle of ALAhssa"
25.351022,49.546577,,AlDanube -Al-Salmaniyah,"Location: AlDanube -Al-Salmaniyah

District: Alsulaimaneiah AlJanoubeiah"
26.411619,50.004986,,Al-Dhaheya Markets,"Location: Al-Dhaheya Markets

District: King Fahad District"
17.55019,44.220596,,AlDiyafha,"Location: AlDiyafha

District: Unnamed District"
26.323862,50.165163,,ALDOHA BRANCH,"Location: ALDOHA BRANCH

District: AL Doha AL Janobeyah"
26.323494,50.162598,,Aldoha Branch,"District: AL Doha AL Janobeyah


City: DHAHRAN
Region: Eastern"
17.55047,44.25108,,AlDohan Gas Station,"Location: AlDohan Gas Station

District: AlAthaybah"
26.456282,50.128111,,ALDOSARY DRIVE UP KHALEEJ STREET Mall,"Location: ALDOSARY DRIVE UP KHALEEJ STREET Mall

District: AlShati AlShargi"
25.327581,49.552417,,AlDossary Gas Station - (Fuel Why),"Location: AlDossary Gas Station - (Fuel Why)

District: AlNaifeiah"
26.297229,50.194652,,ALDOSSARY OFF SITE-KHOBAR,"Location: ALDOSSARY OFF SITE-KHOBAR

District: AlAqrabiyah"
26.373419,50.090864,,AlEdres AlFakriah Gas Sation,"Location: AlEdres AlFakriah Gas Sation

District: Al Shulah"
25.393379,49.58132,,AlEdres Gas Station King Fahad Road,"Location: AlEdres Gas Station King Fahad Road

District: Um Kurisan"
24.774628,46.721449,,AlEzdihar Building,"Location: AlEzdihar Building

District: AlEzdihar"
26.364702,50.095473,,ALFAKHRIYAH Gas Station (Fuel Why),"Location: ALFAKHRIYAH Gas Station (Fuel Why)

District: AL Sholah"
21.550952,39.180663,,AlFanous Market,"Location: AlFanous Market

District: Al Aziziyah"
21.541963,39.196564,,AlFidi Center,"Location: AlFidi Center

District: Mishrifah"
24.77829,46.66382,,ALGHADEER NEW BRANCH EXIT5,"Location: ALGHADEER NEW BRANCH EXIT5

District: AlGhadir"
24.777429,46.664062,,ALGHADEER NEW BRANCH EXIT5,"Location: ALGHADEER NEW BRANCH EXIT5

District: AlGhadir"
24.778224,46.663632,,ALGHADEER NEW BRANCH EXIT5,"Location: ALGHADEER NEW BRANCH EXIT5

District: AlGhadir"
26.425086,50.044069,,ALGHAMDI Gas Station PLAN91 - (Dual Dispenser )...,"Location: ALGHAMDI Gas Station PLAN91 - (Dual Dispenser ) AL Drees

District: Ohod"
26.433052,50.066489,,ALGHANEM Gas Station,"Location: ALGHANEM Gas Station

District: AlAtheer"
24.639005,46.729279,,"AlGuzi Commercial Center, Thulaim St.","Location: AlGuzi Commercial Center, Thulaim St.

District: AlMarqab"
26.34686,50.135496,,ALHAMLAJI G/S - DHAHRAN,"Location: ALHAMLAJI G/S - DHAHRAN

District: AlJamiah"
24.765782,46.755801,,ALHAMRA BRANCH,"Location: ALHAMRA BRANCH

District: AlHamra"
24.765782,46.755801,,ALHAMRA BRANCH,"Location: ALHAMRA BRANCH

District: AlQuds"
24.765782,46.755801,,ALHAMRA BRANCH,"Location: ALHAMRA BRANCH

District: AlHamra"
"24.765782, ",46.755801,,Alhamra Branch,"District: AlHamra


City: RIYADH
Region: Central"
25.395132,49.593838,,AlHaraj Market,"Location: AlHaraj Market

District: AlHasa Down Town"
21.495244,39.218324,,AlHarbi Gas Station,"Location: AlHarbi Gas Station

District: Al Fayha'a"
21.273516,40.412718,,ALHAZEM HOTEL ( AlAbdaly ),"Location: ALHAZEM HOTEL ( AlAbdaly )

District: AlSharqiyah"
26.084143,44.023953,,AlJandaliyah Gas Station,"Location: AlJandaliyah Gas Station

District: Industrial Area, "
26.302156,50.210058,,ALJASER G/S KING ABDULAZIZ ROAD,"Location: ALJASER G/S KING ABDULAZIZ ROAD

District: AlKhubar AlShamaleiah"
24.705914,46.688524,,AL-JAZEERAH SUPERMARKET 1,"Location: AL-JAZEERAH SUPERMARKET 1

District: AlSulaimaneiah"
24.706039,46.688173,,AL-JAZEERAH SUPERMARKET 2,"Location: AL-JAZEERAH SUPERMARKET 2

District: AlSulaimaneiah"
24.565205,46.684138,,AlJazerah Parking Area,"Location: AlJazerah Parking Area

District: Namar"
29.958436,40.205754,,AlJouf Main Branch,"Location: AlJouf Main Branch

District: AlSinayah Project"
29.958436,40.205754,,AlJouf Main Branch,"Location: AlJouf Main Branch

District: AlSinayah Project"
29.958436,40.205754,,AlJouf Main Branch,"Location: AlJouf Main Branch

District: AlSinayah Project"
29.958436,40.205754,,Aljouf Main Branch,"District: AlSinayah Project


City: Sakaka
Region: Central"
21.462827,39.941597,,AlKaaki Gas Station,"Location: AlKaaki Gas Station

District: AlKhadrah"
21.493115,39.197781,,AlKandarah Branch,"Location: AlKandarah Branch

District: AlKandarah"
21.489173,39.199061,,AlKandarah Building,"Location: AlKandarah Building

District: Al Kandarah"
17.50554,44.18772,,AlKedesi,"Location: AlKedesi

District: Wadi Najran"
24.762724,46.810865,,ALKHALEEJ BRANCH KHORAIS ROAD EXIT30,"Location: ALKHALEEJ BRANCH KHORAIS ROAD EXIT30

District: AlNahdah"
24.762724,46.810865,,ALKHALEEJ BRANCH KHORAIS ROAD EXIT30,"Location: ALKHALEEJ BRANCH KHORAIS ROAD EXIT30

District: AlNahdah"
24.77231,46.80321,,ALKHALEEJ CENTER - SALMAN ALFARSI St.,"Location: ALKHALEEJ CENTER - SALMAN ALFARSI St.

District: AlKhaleej"
25.35446907,49.59242965,,ALKHALIDIAH BRANCH,"Location: ALKHALIDIAH BRANCH

District: AlOwamreiah"
25.35446907,49.59242965,,ALKHALIDIAH BRANCH,"Location: ALKHALIDIAH BRANCH

District: AlOwamreiah"
25.35446907,49.59242965,,ALKHALIDIAH BRANCH,"Location: ALKHALIDIAH BRANCH

District: AlOwamreiah"
28.3761,36.563444,,ALKHALIDIAH Gas Station,"Location: ALKHALIDIAH Gas Station

District: AlKhalidiyah"
24.166304,47.338283,,"Al-Kharj Branch, King Fahad Rd.","Location: Al-Kharj Branch, King Fahad Rd.

District: AlAliya"
24.166304,47.338283,,"Al-Kharj Branch, King Fahad Rd.","District: AlAliya


City: KHARJ
Region: Central"
26.951231,49.659631,,ALKHONANI G/S #11 - JUBAIL,"Location: ALKHONANI G/S #11 - JUBAIL

District: Unnamed District"
24.751922,46.5721,,AlKhuzama Plaza,"Location: AlKhuzama Plaza

District: AlEmam Saud bin Abdulaziz"
21.669694,39.110033,,Almalek Road Branch,"District: Almurjan


City: JEDDAH
Region: Western"
21.669694,39.110033,,AlMalek Road Branch,"Location: AlMalek Road Branch

District: AlMarjan"
21.669694,39.110033,,AlMalek Road Branch,"Location: AlMalek Road Branch

District: Almurjan"
21.669694,39.110033,,AlMalek Road Branch,"Location: AlMalek Road Branch

District: AlMarjan"
26.250109,50.202455,,ALMANHAL G/S,"Location: ALMANHAL G/S

District: Sinaeyat AlThuoqbah"
25.395739,49.728708,,ALMARKAZ VILLAGE,"Location: ALMARKAZ VILLAGE

District: AlMarkaz"
16.918826,42.563457,,AlMartan Gas Station,"Location: AlMartan Gas Station

District: Scheme 5"
21.620403,39.190642,,AlMarwah Branch,"Location: AlMarwah Branch

District: AlMarwah"
21.620403,39.190642,,AlMarwah Branch,"Location: AlMarwah Branch

District: AlMarwah"
21.620403,39.190642,,AlMarwah Branch,"Location: AlMarwah Branch

District: AlMarwah"
24.166191,47.338514,,AlMashtal Drive Up,"Location: AlMashtal Drive Up

District: AlAliya"
24.671771,46.663246,,AlMather Commercial Building,"Location: AlMather Commercial Building

District: Umm Al Hamam Al Sharqi"
24.421796,39.579424,,AlMawa Building,"Location: AlMawa Building

District: Al Jabirah"
24.421897,39.635098,,AlMohamdiya Center,"Location: AlMohamdiya Center

District: Assad"
24.421897,39.635098,,AlMohamdiya Center 2,"Location: AlMohamdiya Center 2

District: Assad"
25.406158,49.575474,,AlMosa Shopping Center,"Location: AlMosa Shopping Center

District: AlBustan"
27.50655,41.69905,,ALMOUJEL PLAZA-HAIL,"Location: ALMOUJEL PLAZA-HAIL

District: AlZubarah"
24.453166,39.644149,,ALMUGHEER Gas Station,"Location: ALMUGHEER Gas Station

District: AlIskan"
25.380618,49.673602,,ALMUNAZLIAH VILLAGE,"Location: ALMUNAZLIAH VILLAGE

District: AlMunaizilah"
21.48226,39.229537,,AlMustaqbal Hospital,"Location: AlMustaqbal Hospital

District: Al Thaghr"
21.608431,39.131693,,AlNahada Branch,"Location: AlNahada Branch

District: Al-Zahra'a"
21.607904,39.127337,,AlNahada Gas Station,"Location: AlNahada Gas Station

District: AlNahdah"
21.338925,40.453087,,ALNAHDI Gas Station,"Location: ALNAHDI Gas Station

District: Unnamed District"
25.355743,49.608758,,ALNAJAR MALL,"Location: ALNAJAR MALL

District: AlRawdah"
24.734154,46.815054,,ALNASEEM BRANCH,"Location: ALNASEEM BRANCH

District: AlNasim AlGharbi"
25.334088,49.549925,,AlNigedan Gas Station,"Location: AlNigedan Gas Station

District: AlNaifeiah"
26.295051,50.211119,,ALNOAIM CENTER - PRINCE NAIF St.,"Location: ALNOAIM CENTER - PRINCE NAIF St.

District: AlKhoabr AlShamaleiah"
21.616642,39.167524,,AlNuzha Branch Jeddah,"Location: AlNuzha Branch Jeddah

District: AlNuzhah"
25.420992,49.721533,,AlOmran Gas Station Ahmed AL Hiji),"Location: AlOmran Gas Station Ahmed AL Hiji)

District: AlOmran ALShamaleyah"
26.705272,50.07027,,ALORAQI G/S-RAS TANNURAH,"Location: ALORAQI G/S-RAS TANNURAH

District: AlRawdah"
26.374122,50.042154,,ALQAHTANI G/S PLAN 91-DAMMAM,"Location: ALQAHTANI G/S PLAN 91-DAMMAM

District: AlManar"
28.36177,36.56977,,ALQAHTANI Gas Station,"Location: ALQAHTANI Gas Station

District: Unnamed District"
26.56159638,49.96871244,,ALQANBAR COMMERCIAL BUILDING,"Location: ALQANBAR COMMERCIAL BUILDING

District: AlShahba"
26.56106998,50.01309671,,ALQUDS BRANCH,"Location: ALQUDS BRANCH

District: Khozama"
26.56106998,50.01309671,,ALQUDS BRANCH ATM 2,"Location: ALQUDS BRANCH ATM 2

District: Khozama"
26.362133,50.196215,,AlRahka Center,"Location: AlRahka Center

District: AlRakah AlShamaleiah"
18.237317,42.580451,,AlRashid Mall 1,"Location: AlRashid Mall 1

District: AlBade"
18.237317,42.580451,,AlRashid Mall 2,"Location: AlRashid Mall 2

District: AlBade"
21.562984,39.164643,,AlRawdah Branch Jeddah,"Location: AlRawdah Btanch Jeddah

District: AlRawdah"
24.729065,46.767134,,AlRawdah Branch Riyadh,"Location: AlRawdah Branch Riyadh

District: AlRawdah"
21.584977,39.190585,,AlRayah Company,"Location: AlRayah Company

District: AlRabwah"
24.709754,46.789442,,AlRayan Branch,"Location: AlRayan Branch

District: AlRayyan"
27.030035,49.559597,,"AlRazi Company, Jubail","Location: AlRazi Company, Jubail

District: Industrial Area"
21.423752,39.311669,,AlRuhaily Gas Station 1,"Location: AlRuhaily Gas Station 1

District: AlAjaweed"
21.423752,39.311669,,AlRuhaily Gas Station 2,"Location: AlRuhaily Gas Station 2

District: AlAjaweed"
21.423752,39.311669,,AlRuhaily Gas Station 3,"Location: AlRuhaily Gas Station 3

District: AlAjaweed"
24.725652,46.65991,,AlSab'an Bld Rahmaneiah (JAVA TIME) - Next to...,"Location: AlSab'an Bld Rahmaneiah (JAVA TIME) - Next to SOFINCO

District: AlRahmaniyah"
24.753737,46.663817,,AlSaddhan Hypermarket AlMuroj,"Location: AlSaddhan Hypermarket AlMuroj

District: AlMuroj"
26.377367,50.089686,,ALSAGER Gas Station (ALShlewey),"Location: ALSAGER Gas Station (ALShlewey)

District: AlWahah"
24.799185,46.644312,,ALSAHAFA NEW BRANCH,"Location: ALSAHAFA NEW BRANCH

District: AlSahafah"
24.799117,46.644499,,ALSAHAFA NEW BRANCH,"Location: ALSAHAFA NEW BRANCH

District: AlSahafah"
24.799117,46.644499,,ALSAHAFA NEW BRANCH,"Location: ALSAHAFA NEW BRANCH

District: AlSahafah"
24.9677,46.73155,,"AlSalam Aircraft Company, Riyadh","Location: AlSalam Aircraft Company, Riyadh

District: King Khalid International AirportØŒ King Khalid International Airport"
21.585141,39.158876,,AlSalama Center,"Location: AlSalama Center

District: AlSalamah"
27.518101,41.659743,,AlSalhia Mall (ATM1),"Location: AlSalhia Mall (ATM1)

District: AlWusaita"
27.518101,41.659743,,AlSalhia Mall (ATM2),"Location: AlSalhia Mall (ATM2)

District: AlWusaita"
21.414105,39.206877,,AlSawarihk Market,"Location: AlSawarihk Market

District: Al Mahjar"
18.25879,42.747186,,ALSHAKER CENTER,"Location: ALSHAKER CENTER

District: Unnamed District"
24.569981,46.691066,,ALSHIFA BRANCH,"Location: ALSHIFA BRANCH

District: AlShifa"
24.569981,46.691066,,ALSHIFA BRANCH,"Location: ALSHIFA BRANCH

District: AlShifa"
27.498657,41.695015,,AlSunbolah Gas Station,"Location: AlSunbolah Gas Station

District: AlMatar"
21.548240,39.143688,,Altahliyah Branch,"District: AlAndalus


City: JEDDAH
Region: Western"
21.54824,39.143688,,AlTahliyah Branch,"Location: AlTahliyah Branch

District: AlAndalus"
26.483295,50.033245,,AlTelal Gas Station,"Location: AlTelal Gas Station

District: AlNaqa"
26.30931,50.175457,,Al-Turaiki Business Park,"Location: Al-Turaiki Business Park

District: AlDoha Al Janubiyah"
24.7866,46.68216,,AlWadi Branch,"Location: AlWadi Branch

District: AlWadi"
24.786752,46.682257,,AlWadi Branch,"Location: AlWadi Branch

District: AlWadi"
24.786752,46.682257,,AlWadi Branch,"Location: AlWadi Branch

District: AlWadi"
24.74756,46.71233,,ALWAHA BRANCH,"Location: ALWAHA BRANCH

District: Alwahah"
24.747518,46.712057,,ALWAHA BRANCH,"Location: ALWAHA BRANCH

District: Alwahah"
24.747518,46.712057,,ALWAHA BRANCH,"Location: ALWAHA BRANCH

District: Alwahah"
24.630521,46.738672,,"AlWasat Commercial Complex, Opposite to...","Location: AlWasat Commercial Complex, Opposite to Industrial Area- ATM1 - East side - (Dual Dispenser)

District: AlSinayah"
24.629568,46.734504,,"AlWasat Commercial Complex, Opposite to...","Location: AlWasat Commercial Complex, Opposite to Industrial Area- ATM2 - South side

District: AlSinayah"
21.226262,40.377276,,AlWissam Gas Station,"Location: AlWissam Gas Station

District: AlWissam"
28.408182,36.584992,,AlWorud Water Station,"Location: AlWorud Water Station

District: Al Wurud"
24.803571,46.793794,,ALYARMOUK BRANCH EXIT#9,"Location: ALYARMOUK BRANCH EXIT#9

District: AlYarmouk"
24.803182,46.793633,,ALYARMOUK BRANCH EXIT#9,"Location: ALYARMOUK BRANCH EXIT#9

District: AlYarmouk"
24.803182,46.793633,,ALYARMOUK BRANCH EXIT#9,"Location: ALYARMOUK BRANCH EXIT#9

District: AlYarmouk"
21.430264,39.295315,,AlZafer Hospital,"Location: AlZafer Hospital

District: Al Amir Fawwaz Al Junoobi"
26.312326,50.129557,,ARAMCO - TOWER BUILDING,"Location: ARAMCO - TOWER BUILDING

District: ARAMCO"
25.948686,49.663709,,ARAMCO ABQAIQ CLINIC,"Location: ARAMCO ABQAIQ CLINIC

District: Al Farha - Aramco Saudia"
26.329039,50.10933,,ARAMCO BRANCH [MIDRA],"Location: ARAMCO BRANCH [MIDRA]

District: Unnamed District"
26.329039,50.10933,,ARAMCO BRANCH [MIDRA],"Location: ARAMCO BRANCH [MIDRA]

District: Unnamed District"
26.329039,50.109330,,Aramco Branch [Midra],"City: DHAHRAN
Region: Eastern"
26.309467,50.130395,,ARAMCO OFFSITE - Mujamma,"Location: ARAMCO OFFSITE - Mujamma

District: ARAMCO"
17.559799,44.311035,,Arwa Gas Sation ORAYISAH AREA,"Location: Arwa Gas Sation ORAYISAH AREA

District: AlAthaybah"
21.9221477,39.309401,,Asfan Center,"Location: Asfan Center

District: Asfan"
28.381944,36.578219,,Astra Super Market,"Location: Astra Super Market

District: Alaziziyah Aljadidah"
21.648904,39.114372,,Auto Mall,"Location: Auto Mall

District: Mohamadia"
21.412105,39.865949,,AZIZIAH BRANCH - Aziziah Road,"Location: AZIZIAH BRANCH - Aziziah Road

District: AlAziziah"
21.412105,39.865949,,AZIZIAH BRANCH - Aziziah Road,"Location: AZIZIAH BRANCH - Aziziah Road

District: AlAziziah"
26.224089,50.196214,,Aziziah Gas Station (Taif Al Bahrain),"Location: Aziziah Gas Station (Taif Al Bahrain)

District: AlHamra"
26.669921,49.924136,,BADER G/S DAMMAM JUBAIL ROAD,"Location: BADER G/S DAMMAM JUBAIL ROAD

District: Safwah"
24.588851,46.625302,,BADIA BRANCH,"Location: BADIA BRANCH

District: Thahrat AlBadeiah"
20.015375,41.454664,,Baha Branch,"District: AlZarqa'


City: ALBAHA
Region: Western"
20.015375,41.454664,,BAHA BRANCH,"Location: BAHA BRANCH

District: AlZarqa'"
27.03007779,49.6084312,,BETROKEMYA BUILDING-JUBAIL,"Location: BETROKEMYA BUILDING-JUBAIL

District: Industrial Area"
21.264747,40.415138,,Bin Dawoad AlHawaya,"Location: Bin Dawoad AlHawaya

District: AlHawaya"
21.78428,39.174936,,Bin Dawod AlFalah,"Location: Bin Dawod AlFalah

District: Al Falah"
21.611544,39.146815,,Bin Dawod Market ( Hira St. ),"Location: Bin Dawod Market ( Hira St. )

District: As Salamah"
21.593034,39.174939,,Bin Dawod Rabwa,"Location: Bin Dawod Rabwa

District: AlRabwah"
21.519401,39.155573,,Bin Dawod Supermarket ( AlHamra ),"Location: Bin Dawod Supermarket ( AlHamra )

District: AlHamra"
21.366586,39.805113,,BIN DAWOOD MARKET ( Hyper Kakaia Bindawood ) 1,"Location: BIN DAWOOD MARKET ( Hyper Kakaia Bindawood ) 1

District: AlKakiyah"
21.377709,39.784954,,Bin Dawoud AlShuqiah,"Location: Bin Dawoud AlShuqiah

District: Ash Shawqiyyah"
21.257395,40.460618,,BIN FITEN Gas Station,"Location: BIN FITEN Gas Station

District: AlWashaha"
17.56212,44.324171,,Bin Gussnah,"Location: Bin Gussnah

District: AlShurfa"
21.258562,40.432917,,BIN USAIDAN CENTER,"Location: BIN USAIDAN CENTER

District: Al Washha"
24.471346,39.609422,,BinDawood Taiba Center,"Location: BinDawood Taiba Center

District: Badaah"
25.363555,49.546717,,BINSAADI Gas Station,"Location: BINSAADI Gas Station

District: AlSulaimaneiah AlShamaleiah"
21.488453,39.200709,,Blue Building 1,"Location: Blue Building 1

District: AlKindarh"
21.488452,39.20073,,Blue Building 2,"Location: Blue Building 2

District: AlKandarh"
21.488566,39.200527,,Blue Building 3,"Location: Blue Building 3

District: AlKandarh"
27.5255438,41.7021414,,Brazan Market,"Location: Brazan Market

District: Barzan"
24.678522,46.707101,,BSF HEAD OFFICE - Cafeteria Entrance - Annex 1...,"Location: BSF HEAD OFFICE - Cafeteria Entrance - Annex 1 Building

District: Murabba"
24.678966,46.706674,,BSF HEAD OFFICE - Main Entrance,"Location: BSF HEAD OFFICE - Main Entrance

District: Murabba"
24.678408,46.706015,,BSF HEAD OFFICE - Parking Area Entrance,"Location: BSF HEAD OFFICE - Parking Area Entrance

District: Murabba"
24.679987,46.706334,,BSF Head Office 2,"Location: BSF Head Office 2

District: AlSulimaina"
24.678196,46.702621,,BSF RBG DABAB Building - Employees Entrance,"Location: BSF RBG DABAB Building - Employees Entrance

District: AlSulaimaneiah"
21.510929,39.176302,,BSF Regional Management Building - Western Region,"Location: BSF Regional Management Building - Western Region

District: AlRuwais"
24.739174,46.657752,,Capital Market Autority,"Location: Capital Market Autority

District: AlMohammadiyah"
24.816396,46.667135,,Contact Center Company,"Location: Contact Center Company

District: AlNarjes"
21.762217,39.084943,,Corner Center,"Location: Corner Center

District: AlShera'a"
26.292759,50.22034,,CORNICHE KHOBAR,"Location: CORNICHE KHOBAR

District: AlKhubar AlShamaleiah"
24.678279,46.702522,,Dabab Branch,"Location: Dabab Branch

District: AlSulaimaneiah"
26.45433797,50.1183014,,Dammam Corniche Branch,"Location: Dammam Corniche Branch

District: AL Shati AL Gharbi"
26.45417,50.1181,,Dammam Corniche Branch,"Location: Dammam Corniche Branch

District: AL Shati AL Gharbi"
26.43933542,50.10130362,,Dammam Main,"District: Al Tobaishi


City: DAMMAM
Region: Eastern"
26.43933542,50.10130362,,DAMMAM MAIN BRANCH,"Location: DAMMAM MAIN BRANCH

District: Al Tobaishi"
21.612921,39.151711,,Dania Center,"Location: Dania Center

District: As Salamah"
24.762658,46.625344,,Danub AlAqiq,"Location: Danub AlAqiq

District: AlAqiq"
26.430373,50.119083,,Danub Al-Mazruiyah,"Location: Danub Al-Mazruiyah

District: Altebaishi"
24.810017,46.734133,,Danub AlNhaklah,"Location: Danub AlNhaklah

District: Qurtobah"
24.69417,46.60576,,Danub AlWadi Plaza,"Location: Danub AlWadi Plaza

District: Urqah"
24.811558,46.770126,,Danub AlYarmouk,"Location: Danub AlYarmouk

District: AlYarmuk"
18.20593,42.51664,,Danube Abha,"Location: Danube Abha

District: An Nuzhah"
21.548954,39.162835,,Danube Al-Andalus,"Location: Danube Al-Andalus

District: AlAndalus"
26.190339,50.189492,,Danube AlAziyziah,"Location: Danube AlAziyziah

District: AL Tahliyah"
24.592762,46.621716,,Danube AlBadiah,"Location: Danube AlBadiah

District: AlUriajah Central"
26.468763,50.060732,,Danube AlBohaira,"Location: Danube AlBohaira

District: AlBohaira"
24.769872,46.664985,,Danube AlGahdeer,"Location: Danube AlGahdeer

District: Ghader"
24.762257,46.722572,,Danube AlMugarrazt,"Location: Danube AlMugarrazt

District: AlMugarrzat"
26.360292,50.18916,,Danube AlRakah,"Location: Danube AlRakah

District: AlRakah AlShamaleiah"
24.685706,46.79398,,Danube AlRawabi,"Location: Danube AlRawabi

District: AlRawabi"
26.45536,50.118289,,Danube AlShati,"Location: Danube AlShati

District: AlShati ALGharbi"
26.924031,49.715177,,Danube Al-Sohul,"Location: Danube Al-Sohul

District: Unnamed District"
21.559623,39.134831,,Danube AlTahilya 2,"Location: Danube AlTahilya 2

District: Al Khalidiyyah"
24.786133,46.7994,,Danube AlWaha Plaza,"Location: Danube AlWaha Plaza

District: Ishbiliyah"
18.290594,42.743952,,Danube Bin Jalal Khamis Mushait,"Location: Danube Bin Jalal Khamis Mushait

District: Um Sirar"
24.845488,46.759753,,Danube Green Oasis,"Location: Danube Green Oasis

District: AlMunasiah"
24.753302,46.60982,,Danube Hiteen,"Location: Danube Hiteen

District: Hiteen"
26.304742,50.221986,,Danube Hypermarket,"Location: Danube Hypermarket

District: AlYarmouk"
16.903207,42.544595,,Danube Jazan,"Location: Danube Jazan

District: Ash Shati"
26.073012,44.01045,,Danube Oniazah Plaza,"Location: Danube Oniazah Plaza

District: Al Wusta"
18.228194,42.543889,,Danube Raval Plaza,"Location: Danube Raval Plaza

District: AlOrain"
21.279444,40.444629,,Danube Tera Mall,"Location: Danube Tera Mall

District: AlQubtiah"
26.201873,50.189232,,Dawerd Gas Station Drive Up ( Al Edrees ),"Location: Dawerd Gas Station Drive Up ( Al Edrees )

District: AlKhuzama"
20.024046,41.450579,,DHABAB Gas Station,"Location: DHABAB Gas Station

District: Raghadan"
26.330814,50.203848,,EASTERN CEMENT TOWER,"Location: EASTERN CEMENT TOWER

District: AlRawabi"
25.354655,49.598829,,Emmar Gulf Company,"Location: Emmar Gulf Company

District: Unnamed District"
21.577168,39.178691,,Erfan Hospital 1,"Location: Erfan Hospital 1

District: AlFaisaliah"
21.576698,39.178827,,Erfan Hospital 2,"Location: Erfan Hospital 2

District: AlFaisaliah"
26.459978,50.078534,,EXTRA Showroom,"Location: EXTRA Showroom

District: AlAzizeiah"
27.524079,41.659916,,"Fahad Hamoud Gas Station, King Faisal Road","Location: Fahad Hamoud Gas Station, King Faisal Road

District: Salah Al-Din Al-Shargi"
26.4053064,50.06071702,,Faisaliya Branch,"District: Faisaleyah


City: DAMMAM
Region: Central"
26.4053064,50.06071702,,FAISALIYA BRANCH,"Location: FAISALIYA BRANCH

District: Faisaleyah"
26.4053064,50.06071702,,FAISALIYA BRANCH,"Location: FAISALIYA BRANCH

District: Faisaleyah"
26.39942,50.06582,,FAISALIYA BRANCH,"Location: FAISALIYA BRANCH

District: Faisaleyah"
24.801285,46.870921,,Family Care Hospital,"Location: Family Care Hospital

District: An Nathem"
27.133709,49.565575,,FANATEER MALL,"Location: FANATEER MALL

District: Al Fanater"
27.145872,49.547578,,Farm Market 13,"Location: Farm Market 13

District: Najd"
28.396938,45.965148,,Farm Markets,"Location: Farm Markets

District: AlWahah"
26.99152,49.645039,,Farm Markets,"Location: Farm Markets

District: Unnamed District"
26.200931,50.194284,,FARM SHOPING CENTER #25,"Location: FARM SHOPING CENTER #25

District: AlKhuzama"
27.030559,49.564854,,"Gas Company, Jubail Industrial City","Location: Gas Company, Jubail Industrial City

District: Industrial Area"
24.594578,46.819009,,Grain Silos & Flour Mills Org Kharj Road,"Location: Grain Silos & Flour Mills Org Kharj Road

District: AlManakh"
29.993285,40.146331,,Grain Silos & Flour Mills Org.,"Location: Grain Silos & Flour Mills Org.

District: Unnamed District"
18.235438,42.865134,,Grain Silos & Flour Mills Org.,"Location: Grain Silos & Flour Mills Org.

District: Auhud Rafida"
26.457299,43.837982,,Grain Silos & Flour Mills Org.,"Location: Grain Silos & Flour Mills Org.

District: Unnamed District"
26.4697,50.19406,,"Grain Silos and Flour Mills Organization, Dammam","Location: Grain Silos and Flour Mills Organization, Dammam

District: Unnamed District"
25.37825,49.60268,,Green House Gas Station,"Location: Green House Gas Station

District: Unnamed District"
24.569053,39.435191,,GSFMO GRAIN SILOS (SAWAMEA ALGHILAL),"Location: GSFMO GRAIN SILOS (SAWAMEA ALGHILAL)

District: Unnamed District"
24.722677,46.665199,,GSFMO GRAIN SILOS SAWAMEA ALGHILAL-,"Location: GSFMO GRAIN SILOS SAWAMEA ALGHILAL-

District: AlRahmaniyah"
21.46309,39.171472,,GSFMO Jeddah Islamic Port,"Location: GSFMO Jeddah Islamic Port

District: Jeddah Islamic Seaport"
27.018749,49.576293,,Hadeed Company Road 230 Jubail Industrial City...,"Location: Hadeed Company Road 230 Jubail Industrial City ATM1

District: Industrial Area"
27.018749,49.576293,,Hadeed Company Road 230 Jubail Industrial City...,"Location: Hadeed Company Road 230 Jubail Industrial City ATM2

District: Industrial Area"
28.420928,45.977883,,HAFER ALBATIN NEW BRANCH,"Location: HAFER ALBATIN NEW BRANCH

District: Al Baladeyah"
28.420928,45.977883,,HAFER ALBATIN NEW BRANCH,"Location: HAFER ALBATIN NEW BRANCH

District: Al Baladeyah"
28.420928,45.977883,,Hafer Albatin New Branch,"District: Al Baladeyah


City: Hafir Albatin
Region: Eastern"
27.501213,41.699279,,Hail New Branch,"District: AlZubarah


City: HAIL
Region: Central"
27.501284,41.69904,,HAIL NEW BRANCH,"Location: HAIL NEW BRANCH

District: AlZubarah"
27.501213,41.699279,,HAIL NEW BRANCH,"Location: HAIL NEW BRANCH

District: AlZubarah"
24.668124,46.782967,,Haram Plaza EXIT(16),"Location: Haram Plaza EXIT(16)

District: AlSafa"
21.609948,39.138301,,History Gas Sation,"Location: History Gas Sation

District: Al-Zahra'a"
25.387927,49.577763,,Hofuf MAIN BRANCH,"Location: Hofuf MAIN BRANCH

District: Unnamed District"
25.387927,49.577763,,Hofuf MAIN BRANCH,"Location: Hofuf MAIN BRANCH

District: Unnamed District"
25.393698,49.604233,,Hussain Al Ali Hospital,"Location: Hussain Al Ali Hospital

District: AlFaisaliah"
26.294196,50.172687,,Hyper Neto Khubar,"Location: Hyper Neto Khubar

District: Al Olaya"
27.06967,49.564837,,Ibn Baitar Company,"Location: Ibn Baitar Company

District: Industrial Area"
24.742659,46.841178,,IBN OMAIRAH Gas Station,"Location: IBN OMAIRAH Gas Station

District: AlNasim AlSharqi"
27.063562,49.564764,,"IBN Sina Company, Road 167, Jubail","Location: IBN Sina Company, Road 167, Jubail

District: Industrial Area"
27.06086,49.576735,,"Ibn Zahr Company, 154 Road, Jubail Inds City","Location: Ibn Zahr Company, 154 Road, Jubail Inds City

District: Industrial Area"
21.59883,39.14477,,Ice Land Theme Park,"Location: Ice Land Theme Park

District: As Salamah"
24.543378,39.691133,,IN FRONT OF MADINAH AIRPORT AREA,"Location: IN FRONT OF MADINAH AIRPORT AREA

District: AlMatar"
27.098012,49.578232,,Intercontinental Jubail Hotel,"Location: Intercontinental Jubail Hotel

District: Al Huwailat"
21.513566,39.17413,,International Medical Center 1 ( IMC ),"Location: International Medical Center 1 ( IMC )

District: AlRuwais"
21.513566,39.17413,,International Medical Center 2 ( IMC ),"Location: International Medical Center 2 ( IMC )

District: AlRuwais"
21.513566,39.17413,,International Medical Center 3 ( IMC ),"Location: International Medical Center 3 ( IMC )

District: AlRuwais"
26.406239,43.921217,,Islamic Bank AlNhada Branch,"District: AlRawaf


City: BURAYDAH
Region: Central"
26.406239,43.921217,,ISLAMIC BANK AlNhada BRANCH,"Location: ISLAMIC BANK AlNhada BRANCH

District: AlRawaf"
26.406239,43.921217,,ISLAMIC BANK AlNhada BRANCH,"Location: ISLAMIC BANK AlNhada BRANCH

District: AlRawaf"
26.406239,43.921217,,ISLAMIC BANK AlNhada BRANCH,"Location: ISLAMIC BANK AlNhada BRANCH

District: AlRawaf"
24.48338,46.35439,,Jahiz Gas Sation,"Location: Jahiz Gas Sation

District: AlMalga"
21.549485,39.153624,,Jameel Square Building,"Location: Jameel Square Building

District: AlAndalus"
27.496876,41.680629,,JAMEEN STREET DRIVE UP PRINCE SULTAN,"Location: JAMEEN STREET DRIVE UP PRINCE SULTAN

District: AlWusaita"
24.165417,47.33419,,Jaw Mall,"Location: Jaw Mall

District: Al Aliyah"
25.470357,49.677889,,Jawatha Tourism City,"Location: Jawatha Tourism City

District: Jawatha"
28.410998,45.955851,,JAWHARAT ALSITEEN,"Location: JAWHARAT ALSITEEN

District: AlRabwah"
24.63347,46.566389,,Jawhart Laban Markets,"Location: Jawhart Laban Markets

District: Thahrat Laban"
28.437772,36.459427,,Jaza Auto Car Showroom,"Location: Jaza Auto Car Showroom

District: Sinaiyah Cars Showroom Area"
16.911539,42.54806,,Jazan Branch,"Location: Jazan Branch

District: Airport"
16.911539,42.54806,,Jazan Branch,"Location: Jazan Branch

District: Airport"
21.511091,39.176549,,"Jeddah Main Branch ( RM Bldg, Hail )","Location: Jeddah Main Branch ( RM Bldg, Hail )

District: AlRuwais"
21.511091,39.176549,,"Jeddah Main Branch ( RM Bldg, Hail )","Location: Jeddah Main Branch ( RM Bldg, Hail )

District: AlRuwais"
21.511091,39.176549,,"Jeddah Main Branch ( Rm Bldg, Hail )","District: AlRuwais


City: JEDDAH
Region: Western"
21.511091,39.176549,,"Jeddah Main Branch ( RM Bldg, Hail )","Location: Jeddah Main Branch ( RM Bldg, Hail )

District: AlRuwais"
26.994527,49.659694,,JUBAIL GENERAL HOSPITAL-JUBAIL,"Location: JUBAIL GENERAL HOSPITAL-JUBAIL

District: Unnamed District"
27.05892423,49.53550366,,JUBAIL INDUSTRIAL BRANCH,"Location: JUBAIL INDUSTRIAL BRANCH

District: 2nd Industrial Area"
27.05892423,49.53550366,,JUBAIL INDUSTRIAL BRANCH,"Location: JUBAIL INDUSTRIAL BRANCH

District: 2nd Industrial Area"
26.99152,49.645039,,JUBAIL MAIN BRANCH,"Location: JUBAIL MAIN BRANCH

District: Unnamed District"
26.991520,49.645039,,Jubail Main Branch,"City: JUBAIL
Region: Eastern"
17.471241,44.157753,,JURBA OFFSITE NAJRAN,"Location: JURBA OFFSITE NAJRAN

District: Suhab Rer"
16.909488,42.546531,,Kadi Mall,"Location: Kadi Mall

District: Ash Shati"
24.876277,46.722725,,KAPSARC ATM,"Location: KAPSARC ATM

District: Airport District"
21.588153,39.152049,,Khalid Jameel Bulding,"Location: Khalid Jameel Bulding

District: As Salamah"
18.289665,42.730526,,KHAMIS MUSHAIT MAIN BRANCH,"Location: KHAMIS MUSHAIT MAIN BRANCH

District: Damak"
18.289665,42.730526,,KHAMIS MUSHAIT MAIN BRANCH,"Location: KHAMIS MUSHAIT MAIN BRANCH

District: Damak"
18.289665,42.730526,,KHAMIS MUSHAIT MAIN BRANCH,"Location: KHAMIS MUSHAIT MAIN BRANCH

District: Damak"
18.289665,42.730526,,Khamis Mushait Main Branch,"District: Damak


City: KHAMIS MUSHAYT
Region: Western"
"24.637841, ",46.701403,,Khazzan Branch,"District: Al Wisham


City: RIYADH
Region: Central"
24.637841,46.701403,,KHAZZAN BRANCH,"Location: KHAZZAN BRANCH

District: Al Wisham"
26.28225081,50.21255585,,KHOBAR AWAL BRANCH - FIRST St.,"Location: KHOBAR AWAL BRANCH - FIRST St.

District: Khobar shamaleyah"
26.30322628,50.21039609,,Khobar Main Branch ( KAAS ),"Location: Khobar Main Branch ( KAAS )

District: AL Bandariyadh"
26.30322628,50.21039609,,Khobar Main Branch ( KAAS ),"Location: Khobar Main Branch ( KAAS )

District: AL Bandariyadh"
26.30322628,50.21039609,,Khobar Main Branch ( Kaas ),"District: AL Bandariyadh


City: KHUBAR
Region: Eastern"
21.666966,39.171249,,King Abdulaziz Airport,"Location: King Abdulaziz Airport

District: King Abdulaziz Airport"
29.939297,40.189092,,King Abdulaziz Specialist Hospital,"Location: King Abdulaziz Specialist Hospital

District: Alazizyah"
24.693893,46.680672,,"King Fahad Branch King Fahad Rd., Olaya Dist.","Location: King Fahad Branch King Fahad Rd., Olaya Dist.

District: Olaya"
28.414717,45.974411,,KING KHALED HOSPITAL,"Location: KING KHALED HOSPITAL

District: AlBaladeyah"
24.75122,46.88853,,KING KHALED MILITARY HOUSING KHASHM,"Location: KING KHALED MILITARY HOUSING KHASHM

District: AlRimayah"
24.700141,46.708364,,King Salman Humanitarian Center,"Location: King Salman Humanitarian Center

District: AlSulaimania"
24.801642,46.654985,,Kingdom Hospital,"Location: Kingdom Hospital

District: AlRabai"
21.386815,39.821103,,Kudai Branch,"Location: Kudai Branch

District: AlTagwa"
25.37273,49.586615,,LADIES GOLD MARKET,"Location: LADIES GOLD MARKET

District: AlRafah AlJanubeiah"
26.427471,50.096995,,Lulu Al-Shiraa Mall 1,"Location: Lulu Al-Shiraa Mall 1

District: Al 'Adamah"
26.427471,50.096995,,Lulu Al-Shiraa Mall 2,"Location: Lulu Al-Shiraa Mall 2

District: Al 'Adamah"
26.427471,50.096995,,Lulu Al-Shiraa Mall 3,"Location: Lulu Al-Shiraa Mall 3

District: Al 'Adamah"
24.793061,46.767196,,Lulu Grand Mall,"Location: Lulu Grand Mall

District: Yarmok"
25.340406,49.546803,,Lulu Haypermarket AlSulimania,"Location: Lulu Haypermarket AlSulimania

District: AlSulimaina AlJanobeyah"
24.63469,46.716567,,LULU HYPER MARKET GATE#1 AlBataha Area,"Location: LULU HYPER MARKET GATE#1 AlBataha Area

District: AlDirah"
24.63469,46.716567,,LULU HYPER MARKET GATE#2 AlBataha Area,"Location: LULU HYPER MARKET GATE#2 AlBataha Area

District: AlDirah"
21.62021,39.21535,,Lulu Hypermarket AlHarmeen,"Location: Lulu Hypermarket AlHarmeen

District: AlMarwah"
24.126624,47.262326,,Lulu Hypermarket AlKharj,"Location: Lulu Hypermarket AlKharj

District: Al Burj"
24.663439,46.703781,,LULU HYPERMARKET FFA01,"Location: LULU HYPERMARKET FFA01

District: AlMurabba"
24.663439,46.703781,,LULU HYPERMARKET FFA02,"Location: LULU HYPERMARKET FFA02

District: AlMurabba"
24.663439,46.703781,,LULU HYPERMARKET GFA01,"Location: LULU HYPERMARKET GFA01

District: AlMurabba"
24.663439,46.703781,,LULU HYPERMARKET GFA05,"Location: LULU HYPERMARKET GFA05

District: AlMurabba"
21.438287,39.279957,,Lulu Hypermarket Prince Fawaz,"Location: Lulu Hypermarket Prince Fawaz

District: Al Amir Fawaz Al Janouby"
26.267157,50.214347,,LULU MARKET,"Location: LULU MARKET

District: AlKhubar AlJanubeiah"
27.49361,49.102468,,Maaden - Ras AlKhair,"Location: Maaden - Ras AlKhair

District: Unnamed District"
24.77224,46.68817,,Maaden Mining Company,"Location: Maaden Mining Company

District: AlMasif"
24.47901,39.62389,,MADINA MAIN BRANCH BESIDE R.O.,"Location: MADINA MAIN BRANCH BESIDE R.O.

District: Bani Abdul Ashhal"
24.479293,39.62407,,MADINA MAIN BRANCH BESIDE R.O.,"Location: MADINA MAIN BRANCH BESIDE R.O.

District: Bani Abdul Ashhal"
24.479293,39.624070,,Madina Main Branch Beside R.O.,"District: Meshrifah


City: MADINAH
Region: Western"
24.445812,39.642475,,MADINAH NATIONAL HOSPITAL,"Location: MADINAH NATIONAL HOSPITAL

District: Ash Shuraybat"
26.467434,50.018822,,MAKRY Gas Station,"Location: MAKRY Gas Station

District: Al Senaiyah"
21.621771,39.198848,,Mandaren Avenue,"Location: Mandaren Avenue

District: AlMarwah"
28.417825,36.566081,,MAROUJ NEW BRANCH,"Location: MAROUJ NEW BRANCH

District: AlWurood"
27.031923,49.499885,,MASA Company,"Location: MASA Company

District: Third Industrial City"
18.288244,42.725475,,Mastour Company,"Location: Mastour Company

District: Atuod"
24.630023,46.70909,,MOAGLIYAH CENTER,"Location: MOAGLIYAH CENTER

District: AlDirah"
24.550234,46.683208,,"Modern South Exhibition, Shifa Dist.","Location: Modern South Exhibition, Shifa Dist.

District: AlMarwah"
18.223305,42.556258,,Mofareh Gas Station (Petrol Km ),"Location: Mofareh Gas Station (Petrol Km )

District: AlMoruj"
26.46,50.06093,,Mohammadiya Dammam Branch,"Location: Mohammadiya Dammam Branch

District: AL Mohamadiyah"
26.459931,50.061017,,Mohammadiya Dammam Branch,"Location: Mohammadiya Dammam Branch

District: AL Mohamadiyah"
26.459931,50.061017,,Mohammadiya Dammam Branch,"Location: Mohammadiya Dammam Branch

District: AL Mohamadiyah"
"24.721319, ",46.647595,,Mohammadiya Riyadh Branch,"District: Mohammadiya


City: RIYADH
Region: Central"
24.721319,46.647595,,Mohammadiya Riyadh Branch,"Location: Mohammadiya Riyadh Branch

District: Mohammadiya"
24.721319,46.647595,,Mohammadiya Riyadh Branch,"Location: Mohammadiya Riyadh Branch

District: Mohammadiya"
28.421195,36.565641,,Moruj Gas Station,"Location: Moruj Gas Station

District: Morooj AlAmir"
25.42017,49.56190,,Mubarraz Main Branch,"District: AlQadisiyah


City: Alahsa
Region: Eastern"
25.42017,49.5619,,MUBARRAZ MAIN BRANCH,"Location: MUBARRAZ MAIN BRANCH

District: AlQadisiyah"
25.44207,49.593086,,MUBARRAZ NORTH BRANCH,"Location: MUBARRAZ NORTH BRANCH

District: AL Rashedeyah"
25.44207,49.593086,,MUBARRAZ NORTH BRANCH,"Location: MUBARRAZ NORTH BRANCH

District: AL Rashedeyah"
25.44207,49.593086,,MUBARRAZ NORTH BRANCH,"Location: MUBARRAZ NORTH BRANCH

District: AL Rashedeyah"
25.44211,49.59311,,MUBARRAZ NORTH BRANCH,"Location: MUBARRAZ NORTH BRANCH

District: AL Rashedeyah"
25.44207,49.593086,,MUBARRAZ NORTH BRANCH,"Location: MUBARRAZ NORTH BRANCH

District: AL Rashedeyah"
25.442070,49.593086,,Mubarraz North Branch,"District: AL Rashedeyah


City: Alahsa
Region: Eastern"
21.659173,39.122558,,My Clinic,"Location: My Clinic

District: AlMohamdia"
21.627993,39.173704,,Nabras Gas Station - Makrona St.,"Location: Nabras Gas Station - Makrona St.

District: AlNuzhah"
26.337826,50.205052,,NAFT G/S - KHOBAR,"Location: NAFT G/S - KHOBAR

District: ALRakah AlJanobeyah"
26.305959,50.210797,,NAFT G/S KING ABDULAZIZ ROAD,"Location: NAFT G/S KING ABDULAZIZ ROAD

District: AlBandariyah"
24.101116,47.236521,,Naft Gas Station AlKharj,"Location: Naft Gas Station AlKharj

District: AlSafa"
21.550065,39.154342,,Naft Gas Station Tahliyah,"Location: Naft Gas Station Tahliyah

District: AlAndalus"
17.529285,44.208223,,Najran Main Branch,"Location: Najran Main Branch

District: AlDubbat"
17.529285,44.208223,,Najran Main Branch,"Location: Najran Main Branch

District: AlDubbat"
17.529285,44.208223,,Najran Main Branch,"Location: Najran Main Branch

District: AlDubbat"
24.750885,46.624657,,NAKHEEL BRANCH-RIYADH,"Location: NAKHEEL BRANCH-RIYADH

District: AlNakhil"
24.750885,46.624657,,NAKHEEL BRANCH-RIYADH,"Location: NAKHEEL BRANCH-RIYADH

District: AlNakhil"
24.750985,46.624753,,NAKHEEL BRANCH-RIYADH,"Location: NAKHEEL BRANCH-RIYADH

District: AlNakhil"
24.569786,46.668176,,Namar Plaza,"Location: Namar Plaza

District: Namar"
27.00286,49.662168,,Nesto Super Market Jubail Town,"Location: Nesto Super Market Jubail Town

District: Unnamed District"
26.353735,43.954243,,NEW BRANCH BURAIDAH,"Location: NEW BRANCH BURAIDAH

District: AlSafra"
26.353735,43.954243,,NEW BRANCH BURAIDAH,"Location: NEW BRANCH BURAIDAH

District: AlSafra"
26.353735,43.954243,,NEW BRANCH BURAIDAH,"Location: NEW BRANCH BURAIDAH

District: AlSafra"
26.353735,43.954243,,New Branch Buraidah,"District: AlSafra


City: BURAYDAH
Region: Central"
21.531338,39.177382,,New Jeddah National Hospital,"Location: New Jeddah National Hospital

District: AlHamra"
"24.706899, ",46.689404,,New Sulaimaniyah Branch,"District: AlSulaimaneiah


City: RIYADH
Region: Central"
24.706899,46.689404,,New Sulaimaniyah Branch,"Location: New Sulaimaniyah Branch

District: AlSulaimaneiah"
24.706899,46.689404,,New Sulaimaniyah Branch,"Location: New Sulaimaniyah Branch

District: AlSulaimaneiah"
24.706899,46.689404,,New Sulaimaniyah Branch,"Location: New Sulaimaniyah Branch

District: AlSulaimaneiah"
24.485058,39.57459,,New Sultanh Branch,"Location: New Sultanh Branch

District: Alqiblatayin"
26.40759,50.138412,,NOVOTEL PRINCE PARK ATM-DAMMAM,"Location: NOVOTEL PRINCE PARK ATM-DAMMAM

District: AlKhalediah AlShamaleiah"
26.300657,50.172162,,Olaya AlKhobar Branch,"Location: Olaya AlKhobar Branch

District: Olaya"
26.300657,50.172162,,Olaya AlKhobar Branch,"Location: Olaya AlKhobar Branch

District: Olaya"
24.714027,46.675338,,OLAYA BRANCH BBC,"Location: OLAYA BRANCH BBC

District: AlWurood"
"24.714027, ",46.675338,,Olaya Branch Bbc,"District: AlWurood


City: RIYADH
Region: Central"
21.492727,39.220921,,Old Airport Branch,"Location: Old Airport Branch

District: AlFayha"
21.492727,39.220921,,Old Airport Branch,"Location: Old Airport Branch

District: AlFayha"
21.492727,39.220921,,Old Airport Branch,"Location: Old Airport Branch

District: AlFayha"
21.480318,39.216978,,Old Makkah Road - Kilo 3,"Location: Old Makkah Road - Kilo 3

District: AlThagr"
26.09153,43.990926,,Oniazah Branch,"Location: Oniazah Branch

District: Shikhah"
26.091457,43.990966,,Oniazah Branch,"Location: Oniazah Branch

District: Shikhah"
26.091457,43.990966,,Oniazah Branch,"District: Shikhah


City: onaizah
Region: Central"
26.092402,43.972978,,Oniazah Mall,"Location: Oniazah Mall

District: Alshuraimyah"
26.092402,43.972978,,Oniazah Mall,"Location: Oniazah Mall

District: Alshuraimyah"
25.428488,49.52793,,OTAIBI Gas Station,"Location: OTAIBI Gas Station

District: AlRajhi Planing"
26.383073,50.104424,,OTAISHAN Gas Station DAMMAM ROAD,"Location: OTAISHAN Gas Station DAMMAM ROAD

District: AlNuzhah"
21.519646,39.154886,,Palestain Branch,"Location: Palestain Branch

District: AlHamra"
26.200866,50.203686,,"Panda AlAzizya Al-Jiser District, Khobar","Location: Panda AlAzizya Al-Jiser District, Khobar

District: AlAzizyah"
26.398251,50.067022,,Panda AlFaisalya Alkhalifa Omer St.,"Location: Panda AlFaisalya Alkhalifa Omer St.

District: AlFaisaliah"
27.012581,49.641525,,Panda Jubail Plaza - Madina St.,"Location: Panda Jubail Plaza - Madina St.

District: Unnamed District"
24.65047,46.725578,,PANDA MARKET - GHURABI AREA,"Location: PANDA MARKET - GHURABI AREA

District: AlMalaz"
25.428789,49.597249,,"Panda Mubarraz,AlHassa","Location: Panda Mubarraz,AlHassa

District: Unnamed District"
26.488389,50.047568,,Panda Sihat - Gulf Street,"Location: Panda Sihat - Gulf Street

District: AlMuntazah"
25.925471,49.645623,,PANDA SUPERMARKET,"Location: PANDA SUPERMARKET

District: AlMatar"
24.137188,47.277296,,Panorama Plaza AlKahrj,"Location: Panorama Plaza AlKahrj

District: AlKuzama"
26.503079,50.038907,,PETRO Gas Station ALKHALEEJ ROAD,"Location: PETRO Gas Station ALKHALEEJ ROAD

District: AlNaseem"
26.361637,50.195924,,"Petroleum United Gas Station, Khaleed Bin...","Location: Petroleum United Gas Station, Khaleed Bin Al-Walled Street

District: ALRakah AlJanobeyah"
29.962179,40.193037,,Prince Muteab Bin Abdulaziz,"Location: Prince Muteab Bin Abdulaziz

District: AlShifa"
21.534066,39.218116,,Prince Muteab Complex,"Location: Prince Muteab Complex

District: Bani Malik"
26.494161,43.975209,,Qassim Cement Factory,"Location: Qassim Cement Factory

District: AlTarafieah"
26.5602247,50.0365659,,Qatif Main Branch,"Location: Qatif Main Branch

District: AL Ridah"
26.5602247,50.0365659,,Qatif Main Branch,"Location: Qatif Main Branch

District: AL Ridah"
26.5602247,50.0365659,,Qatif Main Branch,"Location: Qatif Main Branch

District: AL Ridah"
26.5602247,50.0365659,,Qatif Main Branch,"Location: Qatif Main Branch

District: AL Ridah"
26.5602247,50.0365659,,Qatif Main Branch,"Location: Qatif Main Branch

District: AL Ridah"
24.814519,46.753807,,Qurtoba Restaurant Complex,"Location: Qurtoba Restaurant Complex

District: Qurtobah"
24.684545,46.734056,,RABWAH BRANCH,"Location: RABWAH BRANCH

District: Al-Zahra'a"
"24.684545, ",46.734056,,Rabwah Branch,"District: Al-Zahra'a


City: RIYADH
Region: Central"
26.36633,50.20572,,RAKAH BRANCH-KHOBAR NORTH,"Location: RAKAH BRANCH-KHOBAR NORTH

District: Al Rakah Al Janobeyah"
26.36627659,50.20562768,,RAKAH BRANCH-KHOBAR NORTH,"Location: RAKAH BRANCH-KHOBAR NORTH

District: Al Rakah Al Janobeyah"
26.36627659,50.20562768,,RAKAH BRANCH-KHOBAR NORTH,"Location: RAKAH BRANCH-KHOBAR NORTH

District: Al Rakah Al Janobeyah"
24.682171,46.70795,,Rashid Building,"Location: Rashid Building

District: AlSulimaina"
16.902163,42.553603,,Rashid Mall Jaza 1,"Location: Rashid Mall Jaza 1

District: AlRowdah"
16.902163,42.553603,,Rashid Mall Jaza 2,"Location: Rashid Mall Jaza 2

District: AlRowdah"
24.688936,46.717652,,Riyadh Main Branch,"Location: Riyadh Main Branch

District: Alwazarat"
24.688841,46.717703,,Riyadh Main Branch,"District: AlWazarat


City: RIYADH
Region: Central"
24.720116,46.690775,,RIYADH MEDICAL CENTER - OROBA St.,"Location: RIYADH MEDICAL CENTER - OROBA St.

District: AlSulaimaneiah"
24.753055,46.625315,,Rubeen Plaza ATM 1,"Location: Rubeen Plaza ATM 1

District: Hiteen"
24.752796,46.625316,,Rubeen Plaza ATM 2,"Location: Rubeen Plaza ATM 2

District: Hiteen"
21.547225,39.204691,,Saben Branch,"Location: Saben Branch

District: Al Aziziyah"
27.046804,49.574481,,"SABIC - Tasnee Company, Jubail","Location: SABIC - Tasnee Company, Jubail

District: Industrial Area"
27.133424,49.568957,,Sabic Eiradah Tower Bldg. - Jubail,"Location: Sabic Eiradah Tower Bldg. - Jubail

District: Sudair"
27.059832,49.593058,,SADAF Company - Jubail Industrial City,"Location: SADAF Company - Jubail Industrial City

District: Industrial Area"
26.572376,50.035104,,SADEQ Gas Station OHUD ROAD,"Location: SADEQ Gas Station OHUD ROAD

District: AlRawdah"
21.566232,39.211737,,Safa Branch,"Location: Safa Branch

District: AlSafa"
21.566232,39.211737,,Safa Branch,"District: AlSafa


City: JEDDAH
Region: Western"
27.074717,49.572534,,SAFCO Company,"Location: SAFCO Company

District: Industrial Area"
26.360735,43.969639,,Salman Center,"Location: Salman Center

District: AlNaziyah"
25.35864682,49.5454595,,Salmaniyah Branch,"District: AlSalmaneiah AlShamaleiah


City: Alahsa
Region: Eastern"
21.573578,39.140918,,Sary Branch,"Location: Sary Branch

District: AlKhalidiyah"
24.68729,46.797409,,SASCO AlRawabi Gas Station,"Location: SASCO AlRawabi Gas Station

District: AlRawabi"
26.464675,50.131941,,SASCO Al-Shatee Gas Staion,"Location: SASCO Al-Shatee Gas Staion

District: Alshatee Alsharqi"
26.416298,50.093901,,"SASCO Gas Station, Othman Bin Afan St., Dammam","Location: SASCO Gas Station, Othman Bin Afan St., Dammam

District: AlMuraikabat"
21.527267,39.224493,,Saudi Air Navigation Service,"Location: Saudi Air Navigation Service

District: An Naseem"
25.186931,49.312612,,Saudi Aramco Othmaneiah Gas Plant,"Location: Saudi Aramco Othmaneiah Gas Plant

District: Othmaneyah"
26.378093,50.059307,,SAUDI FUEL Gas Station,"Location: SAUDI FUEL Gas Station

District: AlManar"
27.031608,49.524455,,SAUDI KAYAN-JUBAIL,"Location: SAUDI KAYAN-JUBAIL

District: Industrial Area"
26.37632,50.109666,,Saudi Petroleum Services Polytechnic,"Location: Saudi Petroleum Services Polytechnic

District: AL Nozha"
27.64867,41.72307,,SAWAME ALGHELAL GSFMO,"Location: SAWAME ALGHELAL GSFMO

District: Unnamed District"
24.6863,46.66184,,Security Forces Compound - Um Al-Hammam,"Location: Security Forces Compound - Um Al-Hammam

District: Um AlHamam"
24.653397,46.669269,,SHARAFIYAH QUARTER,"Location: SHARAFIYAH QUARTER

District: AlSharafiyah"
27.063394,49.579377,,SHARQ COMPANY-JUBAIL,"Location: SHARQ COMPANY-JUBAIL

District: Industrial Area"
21.44005,39.78888,,Siteen Makkah Branch,"Location: Siteen Makkah Branch

District: AlZahir"
21.44005,39.78888,,Siteen Makkah Branch,"Location: Siteen Makkah Branch

District: AlZahir"
21.44005,39.78888,,Siteen Makkah Branch,"Location: Siteen Makkah Branch

District: AlZahir"
21.44005,39.78888,,Siteen Makkah Branch,"District: AlZahir


City: MAKKAH
Region: Western"
26.487895,50.038607,,Siyhat Branch Cam 1,"District: AL Noor


City: SEYHAT
Region: Eastern"
21.473452,39.19616,,Souk AlKhaima 2,"Location: Souk AlKhaima 2

District: AlHindawiah"
21.473298,39.197648,,Souk AlKhimah 1,"Location: Souk AlKhimah 1

District: AlHindawiah"
21.586454,39.130477,,Souk AlShatea 1,"Location: Souk AlShatea 1

District: Al-Zahra'a"
21.586563,39.129391,,Souk AlShatea 2,"Location: Souk AlShatea 2

District: Al-Zahra'a"
24.813317,46.768653,,SPAR Hypermarket Al Munsiyah,"Location: SPAR Hypermarket Al Munsiyah

District: Al Munsiyah"
24.763932,46.714009,,SPAR Hypermarket AlNuzha,"Location: SPAR Hypermarket AlNuzha

District: AlNuzhah"
24.822485,46.650256,,SPAR Hypermarket AlYasmen,"Location: SPAR Hypermarket AlYasmen

District: Alyasmen"
24.785428,46.633568,,SPAR Hypermarket Aqiq,"Location: SPAR Hypermarket Aqiq

District: Aqiq"
24.762814,46.745388,,SPAR Hypermarket Deem Plaza,"Location: SPAR Hypermarket Deem Plaza

District: AlHamra"
18.218909,42.500909,,STC - Abha Main Customer Service Building,"Location: STC - Abha Main Customer Service Building

District: Downtown"
21.460541,39.213145,,STC Al-Nuzalh,"Location: STC Al-Nuzalh

District: AlNazla AlYamaneiah"
24.75281,46.68725,,STC COMPOUND,"Location: STC COMPOUND

District: AlMursalat"
26.41248,50.08501,,STC Customer Care Building,"Location: STC Customer Care Building

District: AlItisalat"
21.524994,39.167686,,Suliman Fakiah Hospital,"Location: Suliman Fakiah Hospital

District: AlHamra"
24.58666,46.667231,,Suweidi Comm'l Center ( Saleh AlMuziad Exhibition...,"Location: Suweidi Comm'l Center ( Saleh AlMuziad Exhibition )

District: AlSuwaidi"
26.29249,50.207285,,Suweikit Gas Station,"Location: Suweikit Gas Station

District: Madinat Al Umal"
26.287326,50.212781,,SUWEIKIT MALL,"Location: SUWEIKIT MALL

District: AlKhobar AlShamaleiah"
24.573053,46.610759,,SWAIDI BRANCH-RIYADH,"Location: SWAIDI BRANCH-RIYADH

District: AlSuwaidi AlGharbi"
24.57288,46.61095,,SWAIDI BRANCH-RIYADH,"Location: SWAIDI BRANCH-RIYADH

District: AlSuwaidi AlGharbi"
"24.572822, ",46.610719,,Swaidi Branch-Riyadh,"District: AlSuwaidi AlGharbi


City: RIYADH
Region: Central"
24.783211,46.701588,,Taawon Branch Between Exit 6&7,"District: AlTaawon


City: RIYADH
Region: Central"
24.783211,46.701588,,TAAWON BRANCH BETWEEN EXIT 6&7,"Location: TAAWON BRANCH BETWEEN EXIT 6&7

District: AlTaawon"
24.783211,46.701588,,TAAWON BRANCH BETWEEN EXIT 6&7,"Location: TAAWON BRANCH BETWEEN EXIT 6&7

District: AlTaawon"
24.783403,46.701744,,TAAWON BRANCH BETWEEN EXIT 6&7,"Location: TAAWON BRANCH BETWEEN EXIT 6&7

District: AlTaawon"
28.400583,36.573369,,TABOUK BRANCH,"Location: TABOUK BRANCH

District: AlMahrajan"
28.400581,36.573371,,TABOUK BRANCH,"Location: TABOUK BRANCH

District: AlMahrajan"
28.400581,36.573371,,TABOUK BRANCH,"Location: TABOUK BRANCH

District: AlMahrajan"
28.400581,36.573371,,TABOUK BRANCH,"Location: TABOUK BRANCH

District: AlMahrajan"
28.400581,36.573371,,Tabouk Branch,"District: AlMahrajan


City: TABUK
Region: Western"
28.363902,36.595123,,Tabuk Military City Gate 2 Exit,"Location: Tabuk Military City Gate 2 Exit

District: Military city"
24.587502,46.74285,,Tahseen Market,"Location: Tahseen Market

District: AlAziziah"
21.277156,40.411258,,TAIF BRANCH,"Location: TAIF BRANCH

District: AlAziziah"
21.277156,40.411258,,Taif Branch,"District: AlAziziah


City: TAIF
Region: Western"
28.383934,36.56014,,Talal Jamal Exhibition,"Location: Talal Jamal Exhibition

District: Unnamed District"
21.645523,39.133519,,Tasheel Company,"Location: Tasheel Company

District: Al Muhammadiyah"
18.290078,42.675173,,Thafer AlQahtani Showroom,"Location: Thafer AlQahtani Showroom

District: AlMa'ared AlKhamias"
24.675502,46.668101,,Turki Square,"Location: Turki Square

District: Hamam Al Sharqi"
21.60072,39.21343,,Um AlQura Gas Station,"Location: Um AlQura Gas Station

District: AlSafa"
27.045536,49.54991,,UNITED COMPANY-JUBAIL,"Location: UNITED COMPANY-JUBAIL

District: Industrial Area"
21.360519,39.91424,,United Operation Center 911,"Location: United Operation Center 911

District: AlMashaer"
29.951125,40.20107,,Vegetable Market,"Location: Vegetable Market

District: AlRahmaniyah"
26.08691,43.967393,,VEGETABLE MARKET,"Location: VEGETABLE MARKET

District: Ad Dulayah"
24.67091,46.712069,,"Wazarat 2, Sheikh Abdulrahman Bin Hassan St.","Location: Wazarat 2, Sheikh Abdulrahman Bin Hassan St.

District: AlWazarat"
24.548381,46.707325,,Wissam Basket 1,"Location: Wissam Basket 1

District: Badr"
29.96684,40.190284,,Women Maternity and Childern Hospital,"Location: Women Maternity and Childern Hospital

District: AlShifa"
24.002996,38.198567,,Yanbu Branch,"Location: Yanbu Branch

District: Yanbu Al Sinaiyah"
24.002996,38.198567,,Yanbu Branch,"District: Yanbu Al Sinaiyah


City: Yanbu
Region: Western"
24.002996,38.198567,,Yanbu Branch,"Location: Yanbu Branch

District: Yanbu Al Sinaiyah"
