City,Title,Work Day,Work Hour,Location Href,Latitude,Longitude
Makkah Al-Mukarramah,Makkah Multi-Brand F,"Working Days
Sunday - Thursday","Working Hours
First Shift: 08:00 AM to 12:30 PM
Second Shift: 12:30 PM to 08:30 PM","https://www.google.com/maps?q=21.36260992,39.79453722",21.36260992,39.79453722
Tabouk,Tabook Multi-Brand F,"Working Days
Sunday - Thursday","Working Hours
First Shift: 08:00 AM to 12:30 PM
Second Shift: 12:30 PM to 08:30 PM","https://www.google.com/maps?q=28.42224334,36.6081091",28.42224334,36.6081091
Madina,Taif WSales,"Working Days
Sunday - Thursday","Working Hours
First Shift: 08:00 AM to 12:30 PM
Second Shift: 12:30 PM to 08:30 PM","https://www.google.com/maps?q=20.1293586,41.420287",20.1293586,41.420287
Madina,Taif WSales,"Working Days
Sunday - Thursday","Working Hours
First Shift: 08:00 AM to 12:30 PM
Second Shift: 12:30 PM to 08:30 PM","https://www.google.com/maps?q=20.1293586,41.420287",20.1293586,41.420287
Haweyah,Yanbu ALJR Financing,"Working Days
Sunday - Thursday","Working Hours
First Shift: 08:00 AM to 12:30 PM
Second Shift: 12:30 PM to 08:30 PM","https://www.google.com/maps?q=24.02994744,38.21591201",24.02994744,38.21591201
Madina,Al-Matar ALJR Financ,"Working Days
Sunday - Thursday","Working Hours
First Shift: 08:00 AM to 12:30 PM
Second Shift: 12:30 PM to 08:30 PM","https://www.google.com/maps?q=24.52243588,39.67253772",24.52243588,39.67253772
Riyadh,Lexus Riyadh ALJR Fi,"Working Days
Sunday - Thursday","Working Hours
First Shift: 08:00 AM to 12:30 PM
Second Shift: 12:30 PM to 08:30 PM","https://www.google.com/maps?q=24.78043506,46.69089503",24.78043506,46.69089503
Jeddah,Lexus Jeddah ALJR Fi,"Working Days
Sunday - Thursday","Working Hours
First Shift: 08:00 AM to 12:30 PM
Second Shift: 12:30 PM to 08:30 PM","https://www.google.com/maps?q=21.5429944,39.17716226",21.5429944,39.17716226
Buraydah,Buraydah Multi-Brand,"Working Days
Sunday - Thursday","Working Hours
First Shift: 08:00 AM to 12:30 PM
Second Shift: 12:30 PM to 08:30 PM","https://www.google.com/maps?q=26.41229045,43.87784956",26.41229045,43.87784956
Taif,Al-Taif Multi-Brand,"Working Days
Sunday - Thursday","Working Hours
First Shift: 08:00 AM to 12:30 PM
Second Shift: 12:30 PM to 08:30 PM","https://www.google.com/maps?q=21.26469047,40.45797404",21.26469047,40.45797404
Jizan,Jizan Multi-Brand Fi,"Working Days
Sunday - Thursday","Working Hours
First Shift: 08:00 AM to 12:30 PM
Second Shift: 12:30 PM to 08:30 PM","https://www.google.com/maps?q=16.88451556,42.58010363",16.88451556,42.58010363
Khamees Moshait,Abha Multi-Brand Fin,"Working Days
Sunday - Thursday","Working Hours
First Shift: 08:00 AM to 12:30 PM
Second Shift: 12:30 PM to 08:30 PM","https://www.google.com/maps?q=18.3026831,42.69142002",18.3026831,42.69142002
Jeddah,TOYOTA Auto Mall,"Working Days
Sunday - Thursday","Working Hours
First Shift: 08:00 AM to 12:30 PM
Second Shift: 12:30 PM to 08:30 PM","https://www.google.com/maps?q=21.64950625,39.11365093",21.64950625,39.11365093
Jeddah,Al-Safa ALJ,"Working Days
Sunday - Thursday","Working Hours
First Shift: 08:00 AM to 12:30 PM
Second Shift: 12:30 PM to 08:30 PM","https://www.google.com/maps?q=21.57700913,39.20014765",21.57700913,39.20014765
,ALJUL Mohamadia,"Working Days
Sunday - Thursday","Working Hours
First Shift: 08:00 AM to 12:30 PM
Second Shift: 12:30 PM to 08:30 PM",https://www.google.com/maps?q=,21.57700913,39.20014765
,Jeddah Multi-Brand,"Working Days
Sunday - Thursday","Working Hours
First Shift: 08:00 AM to 12:30 PM
Second Shift: 12:30 PM to 08:30 PM","https://www.google.com/maps?q=21.64862913,39.14117352",21.64862913,39.14117352
Jeddah,AL HAMADANIAH,"Working Days
Sunday - Thursday","Working Hours
First Shift: 08:00 AM to 12:30 PM
Second Shift: 12:30 PM to 08:30 PM","https://www.google.com/maps?q=21.75514749,39.18559951",21.75514749,39.18559951
Makkah Al-Mukarramah,Makkah Consumer Fin.,"Working Days
Sunday - Thursday","Working Hours
First Shift: 08:00 AM to 12:30 PM
Second Shift: 12:30 PM to 08:30 PM","https://www.google.com/maps?q=21.4023416,39.80937487",21.4023416,39.80937487
Jeddah,AL ameer Soultan,"Working Days
Sunday - Thursday","Working Hours
First Shift: 08:00 AM to 12:30 PM
Second Shift: 12:30 PM to 08:30 PM","https://www.google.com/maps?q=21.60233266,39.14413042",21.60233266,39.14413042
Jeddah,Alrehab,"Working Days
Sunday - Thursday","Working Hours
First Shift: 08:00 AM to 12:30 PM
Second Shift: 12:30 PM to 08:30 PM","https://www.google.com/maps?q=21.44038695,39.78283867",21.44038695,39.78283867
Makkah Al-Mukarramah,Al haj Street,"Working Days
Sunday - Thursday","Working Hours
First Shift: 08:00 AM to 12:30 PM
Second Shift: 12:30 PM to 08:30 PM","https://www.google.com/maps?q=21.5435686,39.77912408",21.5435686,39.77912408
,Tibah ALJR,"Working Days
Sunday - Thursday","Working Hours
First Shift: 08:00 AM to 12:30 PM
Second Shift: 12:30 PM to 08:30 PM","https://www.google.com/maps?q=24.47020883,39.662222",24.47020883,39.662222
Tabouk,Tabouk Used Financin,"Working Days
Sunday - Thursday","Working Hours
First Shift: 08:00 AM to 12:30 PM
Second Shift: 12:30 PM to 08:30 PM","https://www.google.com/maps?q=28.43785649,36.45960176",28.43785649,36.45960176
Tabouk,Autozone Tabouk Used,"Working Days
Sunday - Thursday","Working Hours
First Shift: 08:00 AM to 12:30 PM
Second Shift: 12:30 PM to 08:30 PM","https://www.google.com/maps?q=28.4220735,36.6081842",28.4220735,36.6081842
Abha,Abha,"Working Days
Sunday - Thursday","Working Hours
First Shift: 08:00 AM to 12:30 PM
Second Shift: 12:30 PM to 08:30 PM","https://www.google.com/maps?q=17.513773,44.175869",17.513773,44.175869
Jizan,Gizan,"Working Days
Sunday - Thursday","Working Hours
First Shift: 08:00 AM to 12:30 PM
Second Shift: 12:30 PM to 08:30 PM","https://www.google.com/maps?q=16.88931174,42.56293528",16.88931174,42.56293528
Jeddah,Medina Road K 14,"Working Days
Sunday - Thursday","Working Hours
First Shift: 08:00 AM to 12:30 PM
Second Shift: 12:30 PM to 08:30 PM","https://www.google.com/maps?q=21.60233204,39.15952768",21.60233204,39.15952768
Jeddah,Fleet Sales Jeddah,"Working Days
Sunday - Thursday","Working Hours
First Shift: 08:00 AM to 12:30 PM
Second Shift: 12:30 PM to 08:30 PM","https://www.google.com/maps?q=21.5976547,39.200418",21.5976547,39.200418
Jeddah,Medina Rd.,"Working Days
Sunday - Thursday","Working Hours
First Shift: 08:00 AM to 12:30 PM
Second Shift: 12:30 PM to 08:30 PM","https://www.google.com/maps?q=21.5603058,39.1728161",21.5603058,39.1728161
Makkah Al-Mukarramah,Makkah Mukkarama,"Working Days
Sunday - Thursday","Working Hours
First Shift: 08:00 AM to 12:30 PM
Second Shift: 12:30 PM to 08:30 PM","https://www.google.com/maps?q=21.367775,39.799827",21.367775,39.799827
Jeddah,Jeddah Consumer Fin.,"Working Days
Sunday - Thursday","Working Hours
First Shift: 08:00 AM to 12:30 PM
Second Shift: 12:30 PM to 08:30 PM","https://www.google.com/maps?q=21.55774613,39.18038023",21.55774613,39.18038023
Jeddah,ALJUF Microfinance J,"Working Days
Sunday - Thursday","Working Hours
First Shift: 08:00 AM to 12:30 PM
Second Shift: 12:30 PM to 08:30 PM","https://www.google.com/maps?q=21.593096,39.198067",21.593096,39.198067
Makkah Al-Mukarramah,Makkah Used Financin,"Working Days
Sunday - Thursday","Working Hours
First Shift: 08:00 AM to 12:30 PM
Second Shift: 12:30 PM to 08:30 PM","https://www.google.com/maps?q=21.45856765,39.8841761",21.45856765,39.8841761
Taif,Taif,"Working Days
Sunday - Thursday","Working Hours
First Shift: 08:00 AM to 12:30 PM
Second Shift: 12:30 PM to 08:30 PM","https://www.google.com/maps?q=21.26374497,40.40199564",21.26374497,40.40199564
Taif,Taif Consumer Fin.,"Working Days
Sunday - Thursday","Working Hours
First Shift: 08:00 AM to 12:30 PM
Second Shift: 12:30 PM to 08:30 PM","https://www.google.com/maps?q=21.26500855,40.40113907",21.26500855,40.40113907
Madina,Al-Madina Used Finan,"Working Days
Sunday - Thursday","Working Hours
First Shift: 08:00 AM to 12:30 PM
Second Shift: 12:30 PM to 08:30 PM","https://www.google.com/maps?q=24.41747908,39.51545924",24.41747908,39.51545924
Jizan,Jazan Used Financing,"Working Days
Sunday - Thursday","Working Hours
First Shift: 08:00 AM to 12:30 PM
Second Shift: 12:30 PM to 08:30 PM","https://www.google.com/maps?q=16.965305,42.8372145",16.965305,42.8372145
Jeddah,Auto Max Used Financ,"Working Days
Sunday - Thursday","Working Hours
First Shift: 08:00 AM to 12:30 PM
Second Shift: 12:30 PM to 08:30 PM","https://www.google.com/maps?q=21.54624846,39.23551137",21.54624846,39.23551137
Jeddah,Autozone Jeddah Used,"Working Days
Sunday - Thursday","Working Hours
First Shift: 08:00 AM to 12:30 PM
Second Shift: 12:30 PM to 08:30 PM","https://www.google.com/maps?q=21.50989007,39.24007718",21.50989007,39.24007718
Jeddah,Jeddah Exhibitions U,"Working Days
Sunday - Thursday","Working Hours
First Shift: 08:00 AM to 12:30 PM
Second Shift: 12:30 PM to 08:30 PM","https://www.google.com/maps?q=21.43721312,39.25359912",21.43721312,39.25359912
Dammam,Eastern Cash Jameel,"Working Days
Sunday - Thursday","Working Hours
First Shift: 08:00 AM to 12:30 PM
Second Shift: 12:30 PM to 08:30 PM","https://www.google.com/maps?q=26.45863491,50.09004844",26.45863491,50.09004844
Riyadh,ALJUF Microfinance R,"Working Days
Sunday - Thursday","Working Hours
First Shift: 08:00 AM to 12:30 PM
Second Shift: 12:30 PM to 08:30 PM","https://www.google.com/maps?q=24.7600537,46.7401975",24.7600537,46.7401975
Madina,MadinahYanbu WSalers,"Working Days
Sunday - Thursday","Working Hours
First Shift: 08:00 AM to 12:30 PM
Second Shift: 12:30 PM to 08:30 PM","https://www.google.com/maps?q=20.1293586,41.420287",20.1293586,41.420287
Madina,ALJUF Microfinance M,"Working Days
Sunday - Thursday","Working Hours
First Shift: 08:00 AM to 12:30 PM
Second Shift: 12:30 PM to 08:30 PM","https://www.google.com/maps?q=24.405457,39.591015",24.405457,39.591015
,Madina Monawarra,"Working Days
Sunday - Thursday","Working Hours
First Shift: 08:00 AM to 12:30 PM
Second Shift: 12:30 PM to 08:30 PM","https://www.google.com/maps?q=24.47104764,39.55922454",24.47104764,39.55922454
Khobar,ALJUF Microfinance D,"Working Days
Sunday - Thursday","Working Hours
First Shift: 08:00 AM to 12:30 PM
Second Shift: 12:30 PM to 08:30 PM","https://www.google.com/maps?q=26.306902,50.176289",26.306902,50.176289
Anaizah,Alfarooq,"Working Days
Sunday - Thursday","Working Hours
First Shift: 08:00 AM to 12:30 PM
Second Shift: 12:30 PM to 08:30 PM","https://www.google.com/maps?q=26.12167505,43.9841643",26.12167505,43.9841643
Tabouk,ALJUF Microfinance T,"Working Days
Sunday - Thursday","Working Hours
First Shift: 08:00 AM to 12:30 PM
Second Shift: 12:30 PM to 08:30 PM","https://www.google.com/maps?q=28.4033278,36.541457",28.4033278,36.541457
Jeddah,ALJUF Microfinance P,"Working Days
Sunday - Thursday","Working Hours
First Shift: 08:00 AM to 12:30 PM
Second Shift: 12:30 PM to 08:30 PM","https://www.google.com/maps?q=21.367592,39.799755",21.367592,39.799755
,Alhassa Used Financi,"Working Days
Sunday - Thursday","Working Hours
First Shift: 08:00 AM to 12:30 PM
Second Shift: 12:30 PM to 08:30 PM","https://www.google.com/maps?q=25.36176034,49.55198609",25.36176034,49.55198609
Riyadh,Al Qadisia Used Fina,"Working Days
Sunday - Thursday","Working Hours
First Shift: 08:00 AM to 12:30 PM
Second Shift: 12:30 PM to 08:30 PM","https://www.google.com/maps?q=24.81998461,46.82512518",24.81998461,46.82512518
Madina,Consumer Finance Red,"Working Days
Sunday - Thursday","Working Hours
First Shift: 08:00 AM to 12:30 PM
Second Shift: 12:30 PM to 08:30 PM","https://www.google.com/maps?q=24.48752631,39.63505306",24.48752631,39.63505306
Riyadh,Real Estate Finance,"Working Days
Sunday - Thursday","Working Hours
First Shift: 08:00 AM to 12:30 PM
Second Shift: 12:30 PM to 08:30 PM","https://www.google.com/maps?q=24.760068,46.740194",24.760068,46.740194
Dammam,Real Estate Finance,"Working Days
Sunday - Thursday","Working Hours
First Shift: 08:00 AM to 12:30 PM
Second Shift: 12:30 PM to 08:30 PM","https://www.google.com/maps?q=26.4585279,50.0900298",26.4585279,50.0900298
Jeddah,Real Estate Finance,"Working Days
Sunday - Thursday","Working Hours
First Shift: 08:00 AM to 12:30 PM
Second Shift: 12:30 PM to 08:30 PM","https://www.google.com/maps?q=21.6023063,39.1595344",21.6023063,39.1595344
Madina,Northern Fleet Finan,"Working Days
Sunday - Thursday","Working Hours
First Shift: 08:00 AM to 12:30 PM
Second Shift: 12:30 PM to 08:30 PM","https://www.google.com/maps?q=24.4700497,39.6622284",24.4700497,39.6622284
Tabouk,Tabuk - 2,"Working Days
Sunday - Thursday","Working Hours
First Shift: 08:00 AM to 12:30 PM
Second Shift: 12:30 PM to 08:30 PM","https://www.google.com/maps?q=28.3964107,36.559311",28.3964107,36.559311
Riyadh,Central Cash Jameel,"Working Days
Sunday - Thursday","Working Hours
First Shift: 08:00 AM to 12:30 PM
Second Shift: 12:30 PM to 08:30 PM","https://www.google.com/maps?q=24.73178668,46.79074444",24.73178668,46.79074444
Jeddah,Western Cash Jameel,"Working Days
Sunday - Thursday","Working Hours
First Shift: 08:00 AM to 12:30 PM
Second Shift: 12:30 PM to 08:30 PM","https://www.google.com/maps?q=21.57715557,39.19990538",21.57715557,39.19990538
Dammam,Al Damam Used Financ,"Working Days
Sunday - Thursday","Working Hours
First Shift: 08:00 AM to 12:30 PM
Second Shift: 12:30 PM to 08:30 PM","https://www.google.com/maps?q=26.44042032,50.07065616",26.44042032,50.07065616
Riyadh,Al-Shifaa Exhibition,"Working Days
Sunday - Thursday","Working Hours
First Shift: 08:00 AM to 12:30 PM
Second Shift: 12:30 PM to 08:30 PM","https://www.google.com/maps?q=24.54788223,46.68156576",24.54788223,46.68156576
Riyadh,Autozone Riyadh Used,"Working Days
Sunday - Thursday","Working Hours
First Shift: 08:00 AM to 12:30 PM
Second Shift: 12:30 PM to 08:30 PM","https://www.google.com/maps?q=24.73233475,46.79158224",24.73233475,46.79158224
Riyadh,Autozone ALQadisia U,"Working Days
Sunday - Thursday","Working Hours
First Shift: 08:00 AM to 12:30 PM
Second Shift: 12:30 PM to 08:30 PM","https://www.google.com/maps?q=24.82724143,46.81987012",24.82724143,46.81987012
Buraydah,Buraidah,"Working Days
Sunday - Thursday","Working Hours
First Shift: 08:00 AM to 12:30 PM
Second Shift: 12:30 PM to 08:30 PM","https://www.google.com/maps?q=26.37849598,43.907892",26.37849598,43.907892
Hael,Hail Used Financing,"Working Days
Sunday - Thursday","Working Hours
First Shift: 08:00 AM to 12:30 PM
Second Shift: 12:30 PM to 08:30 PM","https://www.google.com/maps?q=27.47696296,41.73239526",27.47696296,41.73239526
Dammam,Dammam Exhibitions U,"Working Days
Sunday - Thursday","Working Hours
First Shift: 08:00 AM to 12:30 PM
Second Shift: 12:30 PM to 08:30 PM","https://www.google.com/maps?q=26.40534058,50.01179837",26.40534058,50.01179837
Riyadh,Khurais Used Financi,"Working Days
Sunday - Thursday","Working Hours
First Shift: 08:00 AM to 12:30 PM
Second Shift: 12:30 PM to 08:30 PM","https://www.google.com/maps?q=24.76064482,46.83495027",24.76064482,46.83495027
Buraydah,Buraydah Used Financ,"Working Days
Sunday - Thursday","Working Hours
First Shift: 08:00 AM to 12:30 PM
Second Shift: 12:30 PM to 08:30 PM","https://www.google.com/maps?q=26.35867194,43.96555377",26.35867194,43.96555377
Khafjey,Khafji,"Working Days
Sunday - Thursday","Working Hours
First Shift: 08:00 AM to 12:30 PM
Second Shift: 12:30 PM to 08:30 PM","https://www.google.com/maps?q=28.432625,48.473671",28.432625,48.473671
Hafouf,Hajr,"Working Days
Sunday - Thursday","Working Hours
First Shift: 08:00 AM to 12:30 PM
Second Shift: 12:30 PM to 08:30 PM","https://www.google.com/maps?q=25.48708328,49.55100172",25.48708328,49.55100172
Dammam,Dammam Consumer Fin.,"Working Days
Sunday - Thursday","Working Hours
First Shift: 08:00 AM to 12:30 PM
Second Shift: 12:30 PM to 08:30 PM","https://www.google.com/maps?q=26.43785084,50.10746296",26.43785084,50.10746296
Safwa,Safwa,"Working Days
Sunday - Thursday","Working Hours
First Shift: 08:00 AM to 12:30 PM
Second Shift: 12:30 PM to 08:30 PM","https://www.google.com/maps?q=26.63973735,49.9640373",26.63973735,49.9640373
Dammam,Fleet Branch,"Working Days
Sunday - Thursday","Working Hours
First Shift: 08:00 AM to 12:30 PM
Second Shift: 12:30 PM to 08:30 PM","https://www.google.com/maps?q=26.307441,50.177389",26.307441,50.177389
Hafouf,AL khalidiah,"Working Days
Sunday - Thursday","Working Hours
First Shift: 08:00 AM to 12:30 PM
Second Shift: 12:30 PM to 08:30 PM","https://www.google.com/maps?q=25.36279125,49.55171647",25.36279125,49.55171647
Taif,Taif Used Financing,"Working Days
Sunday - Thursday","Working Hours
First Shift: 08:00 AM to 12:30 PM
Second Shift: 12:30 PM to 08:30 PM","https://www.google.com/maps?q=21.26369498,40.40189908",21.26369498,40.40189908
Jeddah,Used Telesales Finan,"Working Days
Sunday - Thursday","Working Hours
First Shift: 08:00 AM to 12:30 PM
Second Shift: 12:30 PM to 08:30 PM","https://www.google.com/maps?q=21.57712564,39.19983564",21.57712564,39.19983564
Riyadh,Al-Olaya Used Financ,"Working Days
Sunday - Thursday","Working Hours
First Shift: 08:00 AM to 12:30 PM
Second Shift: 12:30 PM to 08:30 PM","https://www.google.com/maps?q=24.74670326,46.65723502",24.74670326,46.65723502
Dammam,Assar Wholesalers Fi,"Working Days
Sunday - Thursday","Working Hours
First Shift: 08:00 AM to 12:30 PM
Second Shift: 12:30 PM to 08:30 PM","https://www.google.com/maps?q=26.40562537,50.05725511",26.40562537,50.05725511
Madina,Al Katheri Yanbu Who,"Working Days
Sunday - Thursday","Working Hours
First Shift: 08:00 AM to 12:30 PM
Second Shift: 12:30 PM to 08:30 PM","https://www.google.com/maps?q=24.087541,38.046059",24.087541,38.046059
Madina,Al Owdah Madinah Who,"Working Days
Sunday - Thursday","Working Hours
First Shift: 08:00 AM to 12:30 PM
Second Shift: 12:30 PM to 08:30 PM","https://www.google.com/maps?q=24.545095,39.624191",24.545095,39.624191
,Nabe Auto Gulf Yanbu,"Working Days
Sunday - Thursday","Working Hours
First Shift: 08:00 AM to 12:30 PM
Second Shift: 12:30 PM to 08:30 PM","https://www.google.com/maps?q=24.079001,38.082601",24.079001,38.082601
Madina,Al Ayashi Wholesaler,"Working Days
Sunday - Thursday","Working Hours
First Shift: 08:00 AM to 12:30 PM
Second Shift: 12:30 PM to 08:30 PM","https://www.google.com/maps?q=24.423878,39.510799",24.423878,39.510799
Taif,Al Halwany Taif Whol,"Working Days
Sunday - Thursday","Working Hours
First Shift: 08:00 AM to 12:30 PM
Second Shift: 12:30 PM to 08:30 PM","https://www.google.com/maps?q=21.257026,40.446949",21.257026,40.446949
,Mohamed Babqy Gooz W,"Working Days
Sunday - Thursday","Working Hours
First Shift: 08:00 AM to 12:30 PM
Second Shift: 12:30 PM to 08:30 PM","https://www.google.com/maps?q=19.131557,41.091466",19.131557,41.091466
Khamees Moshait,Khamees Moshait Used,"Working Days
Sunday - Thursday","Working Hours
First Shift: 08:00 AM to 12:30 PM
Second Shift: 12:30 PM to 08:30 PM","https://www.google.com/maps?q=18.28817137,42.67545127",18.28817137,42.67545127
Qatif,Qatif,"Working Days
Sunday - Thursday","Working Hours
First Shift: 08:00 AM to 12:30 PM
Second Shift: 12:30 PM to 08:30 PM","https://www.google.com/maps?q=26.54422356,50.02094333",26.54422356,50.02094333
Makkah Al-Mukarramah,Markaz Al Amal Whole,"Working Days
Sunday - Thursday","Working Hours
First Shift: 08:00 AM to 12:30 PM
Second Shift: 12:30 PM to 08:30 PM","https://www.google.com/maps?q=21.44038695,39.78283867",21.44038695,39.78283867
Hafer Baten,Used Car,"Working Days
Sunday - Thursday","Working Hours
First Shift: 08:00 AM to 12:30 PM
Second Shift: 12:30 PM to 08:30 PM","https://www.google.com/maps?q=28.441963,46.005341",28.441963,46.005341
Khobar,Khobar MB Financing,"Working Days
Sunday - Thursday","Working Hours
First Shift: 08:00 AM to 12:30 PM
Second Shift: 12:30 PM to 08:30 PM","https://www.google.com/maps?q=26.4192421,50.0211951",26.4192421,50.0211951
Dammam,Eastern Wholesalers,"Working Days
Sunday - Thursday","Working Hours
First Shift: 08:00 AM to 12:30 PM
Second Shift: 12:30 PM to 08:30 PM","https://www.google.com/maps?q=26.3998233,50.0140984",26.3998233,50.0140984
Jubail,Al Estismar,"Working Days
Sunday - Thursday","Working Hours
First Shift: 08:00 AM to 12:30 PM
Second Shift: 12:30 PM to 08:30 PM","https://www.google.com/maps?q=27.08801131,49.56374858",27.08801131,49.56374858
Jeddah,Khaled Jameel Wholes,"Working Days
Sunday - Thursday","Working Hours
First Shift: 08:00 AM to 12:30 PM
Second Shift: 12:30 PM to 08:30 PM","https://www.google.com/maps?q=21.5646063,39.217023",21.5646063,39.217023
Dammam,Dammam,"Working Days
Sunday - Thursday","Working Hours
First Shift: 08:00 AM to 12:30 PM
Second Shift: 12:30 PM to 08:30 PM","https://www.google.com/maps?q=26.440861,50.070244",26.440861,50.070244
Khobar,Al Khober,"Working Days
Sunday - Thursday","Working Hours
First Shift: 08:00 AM to 12:30 PM
Second Shift: 12:30 PM to 08:30 PM","https://www.google.com/maps?q=26.30777458,50.17650001",26.30777458,50.17650001
Jubail,Jubail,"Working Days
Sunday - Thursday","Working Hours
First Shift: 08:00 AM to 12:30 PM
Second Shift: 12:30 PM to 08:30 PM","https://www.google.com/maps?q=27.01413825,49.63893627",27.01413825,49.63893627
Riyadh,Al Olaya,"Working Days
Sunday - Thursday","Working Hours
First Shift: 08:00 AM to 12:30 PM
Second Shift: 12:30 PM to 08:30 PM","https://www.google.com/maps?q=24.74665454,46.65709554",24.74665454,46.65709554
Jeddah,Al Emlaq Jeddah Whol,"Working Days
Sunday - Thursday","Working Hours
First Shift: 08:00 AM to 12:30 PM
Second Shift: 12:30 PM to 08:30 PM","https://www.google.com/maps?q=21.4305314,39.2577216",21.4305314,39.2577216
Jeddah,Hail Mohawass Jeddah,"Working Days
Sunday - Thursday","Working Hours
First Shift: 08:00 AM to 12:30 PM
Second Shift: 12:30 PM to 08:30 PM","https://www.google.com/maps?q=21.4319076,39.2597508",21.4319076,39.2597508
Jeddah,Najmat Al Khaleej Je,"Working Days
Sunday - Thursday","Working Hours
First Shift: 08:00 AM to 12:30 PM
Second Shift: 12:30 PM to 08:30 PM","https://www.google.com/maps?q=21.4313136,39.2587985",21.4313136,39.2587985
Makkah Al-Mukarramah,Umm Al-Qura Makkah W,"Working Days
Sunday - Thursday","Working Hours
First Shift: 08:00 AM to 12:30 PM
Second Shift: 12:30 PM to 08:30 PM","https://www.google.com/maps?q=21.4358477,39.8481796",21.4358477,39.8481796
Riyadh,Fleet Sales Riyadh,"Working Days
Sunday - Thursday","Working Hours
First Shift: 08:00 AM to 12:30 PM
Second Shift: 12:30 PM to 08:30 PM","https://www.google.com/maps?q=24.748691,46.81819",24.748691,46.81819
Riyadh,Al-Rawabi,"Working Days
Sunday - Thursday","Working Hours
First Shift: 08:00 AM to 12:30 PM
Second Shift: 12:30 PM to 08:30 PM","https://www.google.com/maps?q=24.68464061,46.77752373",24.68464061,46.77752373
Riyadh,Qurtuba,"Working Days
Sunday - Thursday","Working Hours
First Shift: 08:00 AM to 12:30 PM
Second Shift: 12:30 PM to 08:30 PM","https://www.google.com/maps?q=24.822479,46.729176",24.822479,46.729176
Jeddah,AL Safh Jeddah Whole,"Working Days
Sunday - Thursday","Working Hours
First Shift: 08:00 AM to 12:30 PM
Second Shift: 12:30 PM to 08:30 PM","https://www.google.com/maps?q=21.4318708,39.257525",21.4318708,39.257525
,Salim Babqy Darb Who,"Working Days
Sunday - Thursday","Working Hours
First Shift: 08:00 AM to 12:30 PM
Second Shift: 12:30 PM to 08:30 PM","https://www.google.com/maps?q=17.72199378,42.24034036",17.72199378,42.24034036
,Salim Babqy Al Ahad,"Working Days
Sunday - Thursday","Working Hours
First Shift: 08:00 AM to 12:30 PM
Second Shift: 12:30 PM to 08:30 PM","https://www.google.com/maps?q=16.7171,42.9435",16.7171,42.9435
,Salim Babqy Samtah W,"Working Days
Sunday - Thursday","Working Hours
First Shift: 08:00 AM to 12:30 PM
Second Shift: 12:30 PM to 08:30 PM","https://www.google.com/maps?q=16.5993,42.9335",16.5993,42.9335
Abu Areesh,Salim Babqy Abo Aris,"Working Days
Sunday - Thursday","Working Hours
First Shift: 08:00 AM to 12:30 PM
Second Shift: 12:30 PM to 08:30 PM","https://www.google.com/maps?q=16.9653,42.8375",16.9653,42.8375
Sabia,Salim Babqy Nahdah W,"Working Days
Sunday - Thursday","Working Hours
First Shift: 08:00 AM to 12:30 PM
Second Shift: 12:30 PM to 08:30 PM","https://www.google.com/maps?q=17.1643,42.6466",17.1643,42.6466
Jeddah,Al Hadaf Jeddah Whol,"Working Days
Sunday - Thursday","Working Hours
First Shift: 08:00 AM to 12:30 PM
Second Shift: 12:30 PM to 08:30 PM","https://www.google.com/maps?q=21.5810936,39.1644058",21.5810936,39.1644058
Riyadh,Al nakheel,"Working Days
Sunday - Thursday","Working Hours
First Shift: 08:00 AM to 12:30 PM
Second Shift: 12:30 PM to 08:30 PM","https://www.google.com/maps?q=24.748386,46.817497",24.748386,46.817497
Jeddah,Al Namas Jeddah Whol,"Working Days
Sunday - Thursday","Working Hours
First Shift: 08:00 AM to 12:30 PM
Second Shift: 12:30 PM to 08:30 PM","https://www.google.com/maps?q=21.4288181,39.2562043",21.4288181,39.2562043
Jeddah,Gazi Jameel Jeddah W,"Working Days
Sunday - Thursday","Working Hours
First Shift: 08:00 AM to 12:30 PM
Second Shift: 12:30 PM to 08:30 PM","https://www.google.com/maps?q=21.5212259,39.1645548",21.5212259,39.1645548
Tabouk,Al Jazeera Tabuk Who,"Working Days
Sunday - Thursday","Working Hours
First Shift: 08:00 AM to 12:30 PM
Second Shift: 12:30 PM to 08:30 PM","https://www.google.com/maps?q=28.42355,36.609853",28.42355,36.609853
Buraydah,Al Owdah Buraidah Wh,"Working Days
Sunday - Thursday","Working Hours
First Shift: 08:00 AM to 12:30 PM
Second Shift: 12:30 PM to 08:30 PM","https://www.google.com/maps?q=26.405805,43.879563",26.405805,43.879563
Riyadh,Riyadh Consumer Fin.,"Working Days
Sunday - Thursday","Working Hours
First Shift: 08:00 AM to 12:30 PM
Second Shift: 12:30 PM to 08:30 PM","https://www.google.com/maps?q=24.73079734,46.67011178",24.73079734,46.67011178
Hael,Al Owdah Hail Wholes,"Working Days
Sunday - Thursday","Working Hours
First Shift: 08:00 AM to 12:30 PM
Second Shift: 12:30 PM to 08:30 PM","https://www.google.com/maps?q=27.4821428,41.7350482",27.4821428,41.7350482
Khamees Moshait,Al Yahya Khamees Who,"Working Days
Sunday - Thursday","Working Hours
First Shift: 08:00 AM to 12:30 PM
Second Shift: 12:30 PM to 08:30 PM","https://www.google.com/maps?q=18.2906578,42.67919",18.2906578,42.67919
,Al Yahya Mahayel Who,"Working Days
Sunday - Thursday","Working Hours
First Shift: 08:00 AM to 12:30 PM
Second Shift: 12:30 PM to 08:30 PM","https://www.google.com/maps?q=18.5346684,42.01944287",18.5346684,42.01944287
Abha,Al Yahya 1 Wholesale,"Working Days
Sunday - Thursday","Working Hours
First Shift: 08:00 AM to 12:30 PM
Second Shift: 12:30 PM to 08:30 PM","https://www.google.com/maps?q=18.22859447,42.54636187",18.22859447,42.54636187
Jizan,Salim Babqy Snayah W,"Working Days
Sunday - Thursday","Working Hours
First Shift: 08:00 AM to 12:30 PM
Second Shift: 12:30 PM to 08:30 PM","https://www.google.com/maps?q=16.8403,42.6216",16.8403,42.6216
Sabia,Salim Babqy Sabya Wh,"Working Days
Sunday - Thursday","Working Hours
First Shift: 08:00 AM to 12:30 PM
Second Shift: 12:30 PM to 08:30 PM","https://www.google.com/maps?q=17.1482,42.6344",17.1482,42.6344
,Salim Babqy Beesh Wh,"Working Days
Sunday - Thursday","Working Hours
First Shift: 08:00 AM to 12:30 PM
Second Shift: 12:30 PM to 08:30 PM","https://www.google.com/maps?q=17.3816,42.5457",17.3816,42.5457
Riyadh,Al Hamedi Wholesaler,"Working Days
Sunday - Thursday","Working Hours
First Shift: 08:00 AM to 12:30 PM
Second Shift: 12:30 PM to 08:30 PM","https://www.google.com/maps?q=24.82696,46.8215257",24.82696,46.8215257
Riyadh,Khurais,"Working Days
Sunday - Thursday","Working Hours
First Shift: 08:00 AM to 12:30 PM
Second Shift: 12:30 PM to 08:30 PM","https://www.google.com/maps?q=24.70050507,46.74056073",24.70050507,46.74056073
Riyadh,Al Duhayyan Wholesal,"Working Days
Sunday - Thursday","Working Hours
First Shift: 08:00 AM to 12:30 PM
Second Shift: 12:30 PM to 08:30 PM","https://www.google.com/maps?q=24.8276199,46.8065614",24.8276199,46.8065614
Riyadh,Al Katheri Shefah Wh,"Working Days
Sunday - Thursday","Working Hours
First Shift: 08:00 AM to 12:30 PM
Second Shift: 12:30 PM to 08:30 PM","https://www.google.com/maps?q=24.5452302,46.6802273",24.5452302,46.6802273
Riyadh,Al-Falah - Al Naseem,"Working Days
Sunday - Thursday","Working Hours
First Shift: 08:00 AM to 12:30 PM
Second Shift: 12:30 PM to 08:30 PM","https://www.google.com/maps?q=24.5532905,46.6801156",24.5532905,46.6801156
Riyadh,Al Hamlan Wholesaler,"Working Days
Sunday - Thursday","Working Hours
First Shift: 08:00 AM to 12:30 PM
Second Shift: 12:30 PM to 08:30 PM","https://www.google.com/maps?q=24.5675063,46.6868014",24.5675063,46.6868014
Ras,Al Zaidi Wholesalers,"Working Days
Sunday - Thursday","Working Hours
First Shift: 08:00 AM to 12:30 PM
Second Shift: 12:30 PM to 08:30 PM","https://www.google.com/maps?q=25.8529,43.4569",25.8529,43.4569
Hael,Al Zuqdi Wholesalers,"Working Days
Sunday - Thursday","Working Hours
First Shift: 08:00 AM to 12:30 PM
Second Shift: 12:30 PM to 08:30 PM","https://www.google.com/maps?q=27.4762461,41.7321236",27.4762461,41.7321236
,C Multi Brand,"Working Days
Sunday - Thursday","Working Hours
First Shift: 08:00 AM to 12:30 PM
Second Shift: 12:30 PM to 08:30 PM","https://www.google.com/maps?q=24.7498015,46.8170856",24.7498015,46.8170856
Madina,Northern Multi-Brand,"Working Days
Sunday - Thursday","Working Hours
First Shift: 08:00 AM to 12:30 PM
Second Shift: 12:30 PM to 08:30 PM","https://www.google.com/maps?q=24.503216,39.65141274",24.503216,39.65141274
Riyadh,Comm-Lease 2,"Working Days
Sunday - Thursday","Working Hours
First Shift: 08:00 AM to 12:30 PM
Second Shift: 12:30 PM to 08:30 PM",https://www.google.com/maps?q=,24.503216,39.65141274
Riyadh,New Badeeah,"Working Days
Sunday - Thursday","Working Hours
First Shift: 08:00 AM to 12:30 PM
Second Shift: 12:30 PM to 08:30 PM","https://www.google.com/maps?q=24.57083475,46.66549446",24.57083475,46.66549446
Riyadh,Hala Auto - Kurais R,"Working Days
Sunday - Thursday","Working Hours
First Shift: 08:00 AM to 12:30 PM
Second Shift: 12:30 PM to 08:30 PM","https://www.google.com/maps?q=24.73196216,46.79061544",24.73196216,46.79061544
Riyadh,Hala Auto - Al Takha,"Working Days
Sunday - Thursday","Working Hours
First Shift: 08:00 AM to 12:30 PM
Second Shift: 12:30 PM to 08:30 PM","https://www.google.com/maps?q=24.68124571,46.67772761",24.68124571,46.67772761
Riyadh,Al Emlaq Riyadh Whol,"Working Days
Sunday - Thursday","Working Hours
First Shift: 08:00 AM to 12:30 PM
Second Shift: 12:30 PM to 08:30 PM","https://www.google.com/maps?q=24.8275104,46.8224021",24.8275104,46.8224021
Riyadh,Al Rasheed Wholesale,"Working Days
Sunday - Thursday","Working Hours
First Shift: 08:00 AM to 12:30 PM
Second Shift: 12:30 PM to 08:30 PM","https://www.google.com/maps?q=24.76738973,46.66389531",24.76738973,46.66389531
Riyadh,Amal Aqeema Wholesal,"Working Days
Sunday - Thursday","Working Hours
First Shift: 08:00 AM to 12:30 PM
Second Shift: 12:30 PM to 08:30 PM","https://www.google.com/maps?q=24.76742112,46.66391329",24.76742112,46.66391329
Makkah Al-Mukarramah,Makkah Multi-Brand F,"Working Days
Sunday - Thursday","Working Hours
First Shift: 08:00 AM to 12:30 PM
Second Shift: 12:30 PM to 08:30 PM","https://www.google.com/maps?q=21.362609921655,39.794537215345",21.362609921655,39.794537215345
Tabouk,Tabook Multi-Brand F,"Working Days
Sunday - Thursday","Working Hours
First Shift: 08:00 AM to 12:30 PM
Second Shift: 12:30 PM to 08:30 PM","https://www.google.com/maps?q=28.422243337382,36.6081091",28.422243337382,36.6081091
Madina,Al-Madinah Multi-Bra,"Working Days
Sunday - Thursday","Working Hours
First Shift: 08:00 AM to 12:30 PM
Second Shift: 12:30 PM to 08:30 PM","https://www.google.com/maps?q=24.50321602073,39.651412742327",24.50321602073,39.651412742327
Buraydah,Buraydah Multi-Brand,"Working Days
Sunday - Thursday","Working Hours
First Shift: 08:00 AM to 12:30 PM
Second Shift: 12:30 PM to 08:30 PM","https://www.google.com/maps?q=26.412290451003,43.87784955705",26.412290451003,43.87784955705
Taif,Al-Taif Multi-Brand,"Working Days
Sunday - Thursday","Working Hours
First Shift: 08:00 AM to 12:30 PM
Second Shift: 12:30 PM to 08:30 PM","https://www.google.com/maps?q=21.26469046819,40.457974042327",21.26469046819,40.457974042327
Jizan,Jizan Multi-Brand Fi,"Working Days
Sunday - Thursday","Working Hours
First Shift: 08:00 AM to 12:30 PM
Second Shift: 12:30 PM to 08:30 PM","https://www.google.com/maps?q=16.884515558164,42.580103626982",16.884515558164,42.580103626982
Khamees Moshait,Abha Multi-Brand Fin,"Working Days
Sunday - Thursday","Working Hours
First Shift: 08:00 AM to 12:30 PM
Second Shift: 12:30 PM to 08:30 PM","https://www.google.com/maps?q=18.302683100694,42.691420015345",18.302683100694,42.691420015345
Madina,Taif WSales,"Working Days
Sunday - Thursday","Working Hours
First Shift: 08:00 AM to 12:30 PM
Second Shift: 12:30 PM to 08:30 PM","https://www.google.com/maps?q=24.4173472,39.5154056",24.4173472,39.5154056
Haweyah,Yanbu ALJR Financing,"Working Days
Sunday - Thursday","Working Hours
First Shift: 08:00 AM to 12:30 PM
Second Shift: 12:30 PM to 08:30 PM","https://www.google.com/maps?q=24.08339444,38.0521",24.08339444,38.0521
Madina,Al-Matar ALJR Financ,"Working Days
Sunday - Thursday","Working Hours
First Shift: 08:00 AM to 12:30 PM
Second Shift: 12:30 PM to 08:30 PM","https://www.google.com/maps?q=24.52260278,39.67283056",24.52260278,39.67283056
Riyadh,Lexus Riyadh ALJR Fi,"Working Days
Sunday - Thursday","Working Hours
First Shift: 08:00 AM to 12:30 PM
Second Shift: 12:30 PM to 08:30 PM","https://www.google.com/maps?q=24.780571429978,46.690980857673",24.780571429978,46.690980857673
Jeddah,Lexus Jeddah ALJR Fi,"Working Days
Sunday - Thursday","Working Hours
First Shift: 08:00 AM to 12:30 PM
Second Shift: 12:30 PM to 08:30 PM","https://www.google.com/maps?q=21.54296389,39.17735833",21.54296389,39.17735833
Makkah Al-Mukarramah,Makkah Consumer Fin.,"Working Days
Sunday - Thursday","Working Hours
First Shift: 08:00 AM to 12:30 PM
Second Shift: 12:30 PM to 08:30 PM","https://www.google.com/maps?q=21.401647222222,39.809402777778",21.401647222222,39.809402777778
Jeddah,AL ameer Soultan,"Working Days
Sunday - Thursday","Working Hours
First Shift: 08:00 AM to 12:30 PM
Second Shift: 12:30 PM to 08:30 PM","https://www.google.com/maps?q=21.602222,39.143517",21.602222,39.143517
Jeddah,Alrehab,"Working Days
Sunday - Thursday","Working Hours
First Shift: 08:00 AM to 12:30 PM
Second Shift: 12:30 PM to 08:30 PM","https://www.google.com/maps?q=21.5647069,39.2170179",21.5647069,39.2170179
Makkah Al-Mukarramah,Al haj Street,"Working Days
Sunday - Thursday","Working Hours
First Shift: 08:00 AM to 12:30 PM
Second Shift: 12:30 PM to 08:30 PM","https://www.google.com/maps?q=21.476194,39.843111",21.476194,39.843111
,Tibah ALJR,"Working Days
Sunday - Thursday","Working Hours
First Shift: 08:00 AM to 12:30 PM
Second Shift: 12:30 PM to 08:30 PM","https://www.google.com/maps?q=24.520929,39.670666",24.520929,39.670666
Madina,Taif WSales,"Working Days
Sunday - Thursday","Working Hours
First Shift: 08:00 AM to 12:30 PM
Second Shift: 12:30 PM to 08:30 PM","https://www.google.com/maps?q=24.4173472,39.5154056",24.4173472,39.5154056
Jeddah,TOYOTA Auto Mall,"Working Days
Sunday - Thursday","Working Hours
First Shift: 08:00 AM to 12:30 PM
Second Shift: 12:30 PM to 08:30 PM","https://www.google.com/maps?q=21.648504,39.114403",21.648504,39.114403
Jeddah,Al-Safa ALJ,"Working Days
Sunday - Thursday","Working Hours
First Shift: 08:00 AM to 12:30 PM
Second Shift: 12:30 PM to 08:30 PM","https://www.google.com/maps?q=21.5769208,39.1997728",21.5769208,39.1997728
,ALJUL Mohamadia,"Working Days
Sunday - Thursday","Working Hours
First Shift: 08:00 AM to 12:30 PM
Second Shift: 12:30 PM to 08:30 PM",https://www.google.com/maps?q=,21.5769208,39.1997728
,Jeddah Multi-Brand,"Working Days
Sunday - Thursday","Working Hours
First Shift: 08:00 AM to 12:30 PM
Second Shift: 12:30 PM to 08:30 PM","https://www.google.com/maps?q=21.6493172,39.1328694",21.6493172,39.1328694
Jeddah,AL HAMADANIAH,"Working Days
Sunday - Thursday","Working Hours
First Shift: 08:00 AM to 12:30 PM
Second Shift: 12:30 PM to 08:30 PM","https://www.google.com/maps?q=21.754923,39.18557",21.754923,39.18557
Abha,Abha,"Working Days
Sunday - Thursday","Working Hours
First Shift: 08:00 AM to 12:30 PM
Second Shift: 12:30 PM to 08:30 PM","https://www.google.com/maps?q=18.229476,42.547681",18.229476,42.547681
Jizan,Gizan,"Working Days
Sunday - Thursday","Working Hours
First Shift: 08:00 AM to 12:30 PM
Second Shift: 12:30 PM to 08:30 PM","https://www.google.com/maps?q=16.889167,42.562933",16.889167,42.562933
Jeddah,Medina Rd.,"Working Days
Sunday - Thursday","Working Hours
First Shift: 08:00 AM to 12:30 PM
Second Shift: 12:30 PM to 08:30 PM","https://www.google.com/maps?q=21.56034,39.17261",21.56034,39.17261
Makkah Al-Mukarramah,Makkah Mukkarama,"Working Days
Sunday - Thursday","Working Hours
First Shift: 08:00 AM to 12:30 PM
Second Shift: 12:30 PM to 08:30 PM","https://www.google.com/maps?q=21.367747,39.799439",21.367747,39.799439
Jeddah,Jeddah Consumer Fin.,"Working Days
Sunday - Thursday","Working Hours
First Shift: 08:00 AM to 12:30 PM
Second Shift: 12:30 PM to 08:30 PM","https://www.google.com/maps?q=21.556619444444,39.179033333333",21.556619444444,39.179033333333
Anaizah,Alfarooq,"Working Days
Sunday - Thursday","Working Hours
First Shift: 08:00 AM to 12:30 PM
Second Shift: 12:30 PM to 08:30 PM","https://www.google.com/maps?q=26.121569,43.983702",26.121569,43.983702
Jizan,Al-Nahada,"Working Days
Sunday - Thursday","Working Hours
First Shift: 08:00 AM to 12:30 PM
Second Shift: 12:30 PM to 08:30 PM","https://www.google.com/maps?q=16.889167,42.562933",16.889167,42.562933
Taif,Taif,"Working Days
Sunday - Thursday","Working Hours
First Shift: 08:00 AM to 12:30 PM
Second Shift: 12:30 PM to 08:30 PM","https://www.google.com/maps?q=21.263758,40.401917",21.263758,40.401917
Taif,Taif Consumer Fin.,"Working Days
Sunday - Thursday","Working Hours
First Shift: 08:00 AM to 12:30 PM
Second Shift: 12:30 PM to 08:30 PM","https://www.google.com/maps?q=21.2637706,40.4018542",21.2637706,40.4018542
AL Bahah,Baha & Taif WSalers,"Working Days
Sunday - Thursday","Working Hours
First Shift: 08:00 AM to 12:30 PM
Second Shift: 12:30 PM to 08:30 PM","https://www.google.com/maps?q=20.0881793,41.4418168",20.0881793,41.4418168
Buraydah,Buraidah,"Working Days
Sunday - Thursday","Working Hours
First Shift: 08:00 AM to 12:30 PM
Second Shift: 12:30 PM to 08:30 PM","https://www.google.com/maps?q=26.28693,44.000721",26.28693,44.000721
,Domat Aljandal,"Working Days
Sunday - Thursday","Working Hours
First Shift: 08:00 AM to 12:30 PM
Second Shift: 12:30 PM to 08:30 PM","https://www.google.com/maps?q=27.4767241,41.7322782",27.4767241,41.7322782
Tabouk,Tabuk - 2,"Working Days
Sunday - Thursday","Working Hours
First Shift: 08:00 AM to 12:30 PM
Second Shift: 12:30 PM to 08:30 PM","https://www.google.com/maps?q=28.417764,36.602608",28.417764,36.602608
Madina,MadinahYanbu WSalers,"Working Days
Sunday - Thursday","Working Hours
First Shift: 08:00 AM to 12:30 PM
Second Shift: 12:30 PM to 08:30 PM","https://www.google.com/maps?q=24.4173472,39.5154056",24.4173472,39.5154056
,Madina Monawarra,"Working Days
Sunday - Thursday","Working Hours
First Shift: 08:00 AM to 12:30 PM
Second Shift: 12:30 PM to 08:30 PM","https://www.google.com/maps?q=24.520929,39.670666",24.520929,39.670666
Khafjey,Khafji,"Working Days
Sunday - Thursday","Working Hours
First Shift: 08:00 AM to 12:30 PM
Second Shift: 12:30 PM to 08:30 PM","https://www.google.com/maps?q=28.432697,48.473678",28.432697,48.473678
Hafouf,Hajr,"Working Days
Sunday - Thursday","Working Hours
First Shift: 08:00 AM to 12:30 PM
Second Shift: 12:30 PM to 08:30 PM","https://www.google.com/maps?q=25.487156,49.550765",25.487156,49.550765
Dammam,Dammam Consumer Fin.,"Working Days
Sunday - Thursday","Working Hours
First Shift: 08:00 AM to 12:30 PM
Second Shift: 12:30 PM to 08:30 PM","https://www.google.com/maps?q=26.436022222222,50.102077777778",26.436022222222,50.102077777778
Safwa,Safwa,"Working Days
Sunday - Thursday","Working Hours
First Shift: 08:00 AM to 12:30 PM
Second Shift: 12:30 PM to 08:30 PM","https://www.google.com/maps?q=26.639731,49.9639",26.639731,49.9639
Hafouf,AL khalidiah,"Working Days
Sunday - Thursday","Working Hours
First Shift: 08:00 AM to 12:30 PM
Second Shift: 12:30 PM to 08:30 PM","https://www.google.com/maps?q=25.350728,49.605943",25.350728,49.605943
Jubail,Al Estismar,"Working Days
Sunday - Thursday","Working Hours
First Shift: 08:00 AM to 12:30 PM
Second Shift: 12:30 PM to 08:30 PM","https://www.google.com/maps?q=27.087953,49.56342",27.087953,49.56342
Dammam,Dammam,"Working Days
Sunday - Thursday","Working Hours
First Shift: 08:00 AM to 12:30 PM
Second Shift: 12:30 PM to 08:30 PM","https://www.google.com/maps?q=26.440672,50.070528",26.440672,50.070528
Khobar,Al Khober,"Working Days
Sunday - Thursday","Working Hours
First Shift: 08:00 AM to 12:30 PM
Second Shift: 12:30 PM to 08:30 PM","https://www.google.com/maps?q=26.3075448,50.176686",26.3075448,50.176686
Jubail,Jubail,"Working Days
Sunday - Thursday","Working Hours
First Shift: 08:00 AM to 12:30 PM
Second Shift: 12:30 PM to 08:30 PM","https://www.google.com/maps?q=27.013739,49.639271",27.013739,49.639271
Qatif,Qatif,"Working Days
Sunday - Thursday","Working Hours
First Shift: 08:00 AM to 12:30 PM
Second Shift: 12:30 PM to 08:30 PM","https://www.google.com/maps?q=26.542331,50.021253",26.542331,50.021253
Riyadh,Al-Rawabi,"Working Days
Sunday - Thursday","Working Hours
First Shift: 08:00 AM to 12:30 PM
Second Shift: 12:30 PM to 08:30 PM","https://www.google.com/maps?q=24.700189,46.740301",24.700189,46.740301
Riyadh,Qurtuba,"Working Days
Sunday - Thursday","Working Hours
First Shift: 08:00 AM to 12:30 PM
Second Shift: 12:30 PM to 08:30 PM","https://www.google.com/maps?q=24.700189,46.740301",24.700189,46.740301
Hafer Baten,Used Car,"Working Days
Sunday - Thursday","Working Hours
First Shift: 08:00 AM to 12:30 PM
Second Shift: 12:30 PM to 08:30 PM","https://www.google.com/maps?q=28.441546,46.005418",28.441546,46.005418
Khobar,Khobar MB Financing,"Working Days
Sunday - Thursday","Working Hours
First Shift: 08:00 AM to 12:30 PM
Second Shift: 12:30 PM to 08:30 PM","https://www.google.com/maps?q=24.503176970423,39.6514342",24.503176970423,39.6514342
Dammam,Eastern Wholesalers,"Working Days
Sunday - Thursday","Working Hours
First Shift: 08:00 AM to 12:30 PM
Second Shift: 12:30 PM to 08:30 PM","https://www.google.com/maps?q=26.3995435,50.0140626",26.3995435,50.0140626
Riyadh,Khurais,"Working Days
Sunday - Thursday","Working Hours
First Shift: 08:00 AM to 12:30 PM
Second Shift: 12:30 PM to 08:30 PM","https://www.google.com/maps?q=24.700189,46.740301",24.700189,46.740301
,C Multi Brand,"Working Days
Sunday - Thursday","Working Hours
First Shift: 08:00 AM to 12:30 PM
Second Shift: 12:30 PM to 08:30 PM","https://www.google.com/maps?q=24.7577627,46.5669128",24.7577627,46.5669128
Riyadh,Riyadh Consumer Fin.,"Working Days
Sunday - Thursday","Working Hours
First Shift: 08:00 AM to 12:30 PM
Second Shift: 12:30 PM to 08:30 PM","https://www.google.com/maps?q=24.746541666667,46.657383333333",24.746541666667,46.657383333333
Riyadh,Al nakheel,"Working Days
Sunday - Thursday","Working Hours
First Shift: 08:00 AM to 12:30 PM
Second Shift: 12:30 PM to 08:30 PM","https://www.google.com/maps?q=24.748563,46.817706",24.748563,46.817706
Riyadh,Al Olaya,"Working Days
Sunday - Thursday","Working Hours
First Shift: 08:00 AM to 12:30 PM
Second Shift: 12:30 PM to 08:30 PM","https://www.google.com/maps?q=24.746653,46.65723",24.746653,46.65723
Riyadh,Comm-Lease 2,"Working Days
Sunday - Thursday","Working Hours
First Shift: 08:00 AM to 12:30 PM
Second Shift: 12:30 PM to 08:30 PM","https://www.google.com/maps?q=24.800864,46.646444",24.800864,46.646444
Riyadh,New Badeeah,"Working Days
Sunday - Thursday","Working Hours
First Shift: 08:00 AM to 12:30 PM
Second Shift: 12:30 PM to 08:30 PM","https://www.google.com/maps?q=24.57393,46.662887",24.57393,46.662887
Riyadh,Al Qadisiah Fleet,"Working Days
Sunday - Thursday","Working Hours
First Shift: 08:00 AM to 12:30 PM
Second Shift: 12:30 PM to 08:30 PM","https://www.google.com/maps?q=24.827192,46.806702",24.827192,46.806702
Kharj,Areas Outside Riyadh,"Working Days
Sunday - Thursday","Working Hours
First Shift: 08:00 AM to 12:30 PM
Second Shift: 12:30 PM to 08:30 PM","https://www.google.com/maps?q=24.1959784,47.271139",24.1959784,47.271139
Riyadh,South Riyadh WS FIN,"Working Days
Sunday - Thursday","Working Hours
First Shift: 08:00 AM to 12:30 PM
Second Shift: 12:30 PM to 08:30 PM","https://www.google.com/maps?q=24.5676438,46.6867275",24.5676438,46.6867275
