Location,Branch Name,URL,Latitude,Longitude
"Abu Dhabi, United Arab Emirates",ADCO Digital branch (no teller services),"https://www.google.com/maps/dir//'24.474008,54.343572'/@24.474008,54.343572,10z","24.474008,54.343572",
"Abu Dhabi, United Arab Emirates",ADIA Cash Office,"https://www.google.com/maps/dir//'24.48586,54.351608'/@24.48586,54.351608,10z","24.48586,54.351608",
"Al Ain, United Arab Emirates",Al Ain Defense Cash Office - UAE Armed Forces Camp,"https://www.google.com/maps/dir//'24.192294,55.785447'/@24.192294,55.785447,10z","24.192294,55.785447",
"Sharjah, United Arab Emirates",Al Dhaid Branch - 2 ATMs,"https://www.google.com/maps/dir//'25.28512,55.88042'/@25.28512,55.88042,10z","25.28512,55.88042",
"Sharjah, United Arab Emirates",Al Madam Branch - 2 ATMs,"https://www.google.com/maps/dir//'24.915492,55.775622'/@24.915492,55.775622,10z","24.915492,55.775622",
"Abu Dhabi, United Arab Emirates",Mushrif Mall Branch - 4 ATMs,"https://www.google.com/maps/dir//'24.433856,54.41214'/@24.433856,54.41214,10z","24.433856,54.41214",
"Dubai, United Arab Emirates",Dubai Health Care City Branch - 2 ATMs,"https://www.google.com/maps/dir//'25.22908,55.3227'/@25.22908,55.3227,10z","25.22908,55.3227",
"Dubai, United Arab Emirates",Dubai Hills Mall - Digital branch (no teller services),"https://www.google.com/maps/dir//'25.103874,55.239487'/@25.103874,55.239487,10z","25.103874,55.239487",
"Ajman, United Arab Emirates",FAB Islamic Ajman Window,"https://www.google.com/maps/dir//'25.40684,55.444068'/@25.40684,55.444068,10z","25.40684,55.444068",
"Al Ain, United Arab Emirates",FAB Islamic Al Ain branch,"https://www.google.com/maps/dir//'24.22413,55.75898'/@24.22413,55.75898,10z","24.22413,55.75898",
"Al Ain, United Arab Emirates",FAB Islamic Al Ain Civic Center Window,"https://www.google.com/maps/dir//'24.238784,55.731574'/@24.238784,55.731574,10z","24.238784,55.731574",
"Dubai, United Arab Emirates",FAB Islamic Avenue Mall branch,"https://www.google.com/maps/dir//'25.1441966092151,55.3470603002587'/@25.1441966092151,55.3470603002587,10z","25.1441966092151,55.3470603002587",
"Abu Dhabi, United Arab Emirates",FAB Islamic Baniyas Window,"https://www.google.com/maps/dir//'24.286381,54.642434'/@24.286381,54.642434,10z","24.286381,54.642434",
"Abu Dhabi, United Arab Emirates",FAB Islamic Business Park branch - 3 ATM's,"https://www.google.com/maps/dir//'24.42869,54.46527'/@24.42869,54.46527,10z","24.42869,54.46527",
"Sharjah, United Arab Emirates",FAB Islamic Dhaid Window,"https://www.google.com/maps/dir//'25.28512,55.88042'/@25.28512,55.88042,10z","25.28512,55.88042",
"Fujairah, United Arab Emirates",FAB Islamic Fujairah Window,"https://www.google.com/maps/dir//'25.121519,56.347507'/@25.121519,56.347507,10z","25.121519,56.347507",
"Ras Al Khaimah, United Arab Emirates",FAB Islamic Ras Al Khaimah branch,"https://www.google.com/maps/dir//'25.79223,55.96788'/@25.79223,55.96788,10z","25.79223,55.96788",
"Abu Dhabi, United Arab Emirates",FAB Islamic Shahama Window,"https://www.google.com/maps/dir//'24.526115,54.676445'/@24.526115,54.676445,10z","24.526115,54.676445",
"Sharjah, United Arab Emirates","FAB Islamic Al Jada Branch, Sharjah","https://www.google.com/maps/dir//'25.3183901,55.4685017'/@25.3183901,55.4685017,10z","25.3183901,55.4685017",
"Dubai, United Arab Emirates",Jebel Ali Branch - 2 ATMs,"https://www.google.com/maps/dir//'24.967244,55.078258'/@24.967244,55.078258,10z","24.967244,55.078258",
"Dubai, United Arab Emirates",Jumeirah Plaza Branch (2 ATMs) - Digital branch (no teller services),"https://www.google.com/maps/dir//'25.229741,55.262073'/@25.229741,55.262073,10z","25.229741,55.262073",
"Abu Dhabi, United Arab Emirates",Masdar City Branch - Digital branch (no teller services),"https://www.google.com/maps/dir//'24.426897,54.618356'/@24.426897,54.618356,10z","24.426897,54.618356",
"Dubai, United Arab Emirates",Rolex Tower Branch - 2 ATMs,"https://www.google.com/maps/dir//'25.209834,55.275248'/@25.209834,55.275248,10z","25.209834,55.275248",
"Fujairah, United Arab Emirates",Sheikh Khalifa Hospital,"https://www.google.com/maps/dir//'25.623225,55.839686'/@25.623225,55.839686,10z","25.623225,55.839686",
"Abu Dhabi, United Arab Emirates",ZADCO Cash Office,"https://www.google.com/maps/dir//'24.498804,54.367164'/@24.498804,54.367164,10z","24.498804,54.367164",
"Abu Dhabi, United Arab Emirates",Al Sahel Blocks,"https://www.google.com/maps/dir//'25.147511,52.878946'/@25.147511,52.878946,10z","25.147511,52.878946",
"Abu Dhabi, United Arab Emirates",FAB Commercial FAB One Tower,"https://www.google.com/maps/dir//'24.491991,54.361368'/@24.491991,54.361368,10z","24.491991,54.361368",
"Abu Dhabi, United Arab Emirates",FAB Commercial Corniche Branch,"https://www.google.com/maps/dir//'24.472689,54.341044'/@24.472689,54.341044,10z","24.472689,54.341044",
"Abu Dhabi, United Arab Emirates",Yas Mart,"https://www.google.com/maps/dir//'24.327947,54.644215'/@24.327947,54.644215,10z","24.327947,54.644215",
"Abu Dhabi, United Arab Emirates",Armed Forces Co-op Society - Sweihan,"https://www.google.com/maps/dir//'24.439056,54.518539'/@24.439056,54.518539,10z","24.439056,54.518539",
"Abu Dhabi, United Arab Emirates",Aaliyah Plaza Hypermarket,"https://www.google.com/maps/dir//'24.351759,54.498152'/@24.351759,54.498152,10z","24.351759,54.498152",
"Dubai, United Arab Emirates",Abu Baker Al Siddique Branch - 5 ATMs,"https://www.google.com/maps/dir//'25.26462,55.330163'/@25.26462,55.330163,10z","25.26462,55.330163",
"Abu Dhabi, United Arab Emirates",Abu Dhabi Bus Station,"https://www.google.com/maps/dir//'24.4707,54.376544'/@24.4707,54.376544,10z","24.4707,54.376544",
"Abu Dhabi, United Arab Emirates",Abu Dhabi Chamber of Commerce and Industry,"https://www.google.com/maps/dir//'24.488684,54.352686'/@24.488684,54.352686,10z","24.488684,54.352686",
"Abu Dhabi, United Arab Emirates",Abu Dhabi Edition Hotel,"https://www.google.com/maps/dir//'24.452392,54.33657'/@24.452392,54.33657,10z","24.452392,54.33657",
"Abu Dhabi, United Arab Emirates",Abu Dhabi Fund for Development,"https://www.google.com/maps/dir//'24.456731,54.335836'/@24.456731,54.335836,10z","24.456731,54.335836",
"Abu Dhabi, United Arab Emirates",Abu Dhabi Investment Council,"https://www.google.com/maps/dir//'24.456191,54.400966'/@24.456191,54.400966,10z","24.456191,54.400966",
"Abu Dhabi, United Arab Emirates",Abu Dhabi Mall Branch - 2 ATMs,"https://www.google.com/maps/dir//'24.495753,54.382834'/@24.495753,54.382834,10z","24.495753,54.382834",
"Abu Dhabi, United Arab Emirates",Abu Dhabi Media Company,"https://www.google.com/maps/dir//'24.459834,54.385937'/@24.459834,54.385937,10z","24.459834,54.385937",
"Abu Dhabi, United Arab Emirates",Abu Dhabi Shipping Building - ADSB,"https://www.google.com/maps/dir//'24.355979,54.465719'/@24.355979,54.465719,10z","24.355979,54.465719",
"Al Dhafra Region, United Arab Emirates",ADCO - Asab,"https://www.google.com/maps/dir//'23.301817,54.220613'/@23.301817,54.220613,10z","23.301817,54.220613",
"Al Dhafra Region, United Arab Emirates",ADCO - Bu Hasa,"https://www.google.com/maps/dir//'23.550927,53.297199'/@23.550927,53.297199,10z","23.550927,53.297199",
"Al Dhafra Region, United Arab Emirates",ADCO - Habshan,"https://www.google.com/maps/dir//'23.847409,53.636397'/@23.847409,53.636397,10z","23.847409,53.636397",
"Al Dhafra Region, United Arab Emirates",ADCO - Neb Field Dabi'ya,"https://www.google.com/maps/dir//'24.30586,54.113438'/@24.30586,54.113438,10z","24.30586,54.113438",
"Abu Dhabi, United Arab Emirates",ADDC - Head Office,"https://www.google.com/maps/dir//'24.483541,54.3783'/@24.483541,54.3783,10z","24.483541,54.3783",
"Abu Dhabi, United Arab Emirates",ADDC - Madinat Zayed,"https://www.google.com/maps/dir//'24.483092,54.363846'/@24.483092,54.363846,10z","24.483092,54.363846",
"Abu Dhabi, United Arab Emirates",ADMA,"https://www.google.com/maps/dir//'24.495696,54.364225'/@24.495696,54.364225,10z","24.495696,54.364225",
"Abu Dhabi, United Arab Emirates",ADNEC,"https://www.google.com/maps/dir//'24.419164,54.438285'/@24.419164,54.438285,10z","24.419164,54.438285",
"Al Dhafra Region, United Arab Emirates",ADNOC - Accomodation Complex Liwa,"https://www.google.com/maps/dir//'23.121898,53.878739'/@23.121898,53.878739,10z","23.121898,53.878739",
"Dubai, United Arab Emirates",ADNOC - Al Jaflia,"https://www.google.com/maps/dir//'25.232065,55.285095'/@25.232065,55.285095,10z","25.232065,55.285095",
"Ajman, United Arab Emirates",ADNOC - Al Reqayeb,"https://www.google.com/maps/dir//'25.404575,55.505689'/@25.404575,55.505689,10z","25.404575,55.505689",
"Abu Dhabi, United Arab Emirates",ADNOC Cash Office,"https://www.google.com/maps/dir//'23.121898,53.878739'/@23.121898,53.878739,10z","23.121898,53.878739",
"Abu Dhabi, United Arab Emirates",ADNOC Head Quarters,"https://www.google.com/maps/dir//'24.461965,54.324003'/@24.461965,54.324003,10z","24.461965,54.324003",
"Sharjah, United Arab Emirates",ADNOC - Mahaskar,"https://www.google.com/maps/dir//'25.313848,55.450455'/@25.313848,55.450455,10z","25.313848,55.450455",
"Sharjah, United Arab Emirates",ADNOC - Muwaileh,"https://www.google.com/maps/dir//'25.319162,55.507825'/@25.319162,55.507825,10z","25.319162,55.507825",
"Al Dhafra Region, United Arab Emirates",ADNOC - Ruwais Central Market,"https://www.google.com/maps/dir//'24.091423,52.647417'/@24.091423,52.647417,10z","24.091423,52.647417",
"Abu Dhabi, United Arab Emirates",ADNOC Service Station - Al Tharwania,"https://www.google.com/maps/dir//'23.080194,54.014628'/@23.080194,54.014628,10z","23.080194,54.014628",
"Abu Dhabi, United Arab Emirates",ADNOC Service Station - Hameem,"https://www.google.com/maps/dir//'22.94721,54.28856'/@22.94721,54.28856,10z","22.94721,54.28856",
"Al Dhafra Region, United Arab Emirates",ADNOC - Umm Al Sheif,"https://www.google.com/maps/dir//'24.498076,52.533989'/@24.498076,52.533989,10z","24.498076,52.533989",
"Al Dhafra Region, United Arab Emirates",ADNOC - Umm Al Shief production platform,"https://www.google.com/maps/dir//'24.498076,52.533989'/@24.498076,52.533989,10z","24.498076,52.533989",
"Sharjah, United Arab Emirates",ADNOC - Yarmook,"https://www.google.com/maps/dir//'25.354288,55.407668'/@25.354288,55.407668,10z","25.354288,55.407668",
"Al Dhafra Region, United Arab Emirates",ADNOC - Zakum Super West Complex,"https://www.google.com/maps/dir//'24.498076,52.533989'/@24.498076,52.533989,10z","24.498076,52.533989",
"Abu Dhabi, United Arab Emirates",ADWEA,"https://www.google.com/maps/dir//'24.483033,54.377551'/@24.483033,54.377551,10z","24.483033,54.377551",
"Ajman, United Arab Emirates",Ajman Branch - 4 ATMs,"https://www.google.com/maps/dir//'25.40684,55.444068'/@25.40684,55.444068,10z","25.40684,55.444068",
"Sharjah, United Arab Emirates",Al Ahlia Exchange - Al Nahda,"https://www.google.com/maps/dir//'25.302968,55.376407'/@25.302968,55.376407,10z","25.302968,55.376407",
"Dubai, United Arab Emirates",Al Ahlia Exchange - Al Qouz,"https://www.google.com/maps/dir//'25.154195,55.244577'/@25.154195,55.244577,10z","25.154195,55.244577",
"Dubai, United Arab Emirates",Al Ahlia Exchange - Bur Dubai,"https://www.google.com/maps/dir//'25.263188,55.291405'/@25.263188,55.291405,10z","25.263188,55.291405",
"Abu Dhabi, United Arab Emirates",Al Ahlia Exchange - Hamdan,"https://www.google.com/maps/dir//'24.4882263,54.3600686'/@24.4882263,54.3600686,10z","24.4882263,54.3600686",
"Abu Dhabi, United Arab Emirates",Al Ahlia Exchange - Jimmi workers village,"https://www.google.com/maps/dir//'24.346923,54.51176'/@24.346923,54.51176,10z","24.346923,54.51176",
"Dubai, United Arab Emirates",Al Ahlia Exchange - Naif,"https://www.google.com/maps/dir//'25.271595,55.302287'/@25.271595,55.302287,10z","25.271595,55.302287",
"Dubai, United Arab Emirates",Al Ahlia Exchange - Sonapur,"https://www.google.com/maps/dir//'25.260957,55.423954'/@25.260957,55.423954,10z","25.260957,55.423954",
"Al Ain, United Arab Emirates",Al Ain Civic Centre Branch - 2 ATMs,"https://www.google.com/maps/dir//'24.238784,55.731574'/@24.238784,55.731574,10z","24.238784,55.731574",
"Al Ain, United Arab Emirates",Al Ain Mall Branch - 3 ATMs,"https://www.google.com/maps/dir//'24.222873,55.781858'/@24.222873,55.781858,10z","24.222873,55.781858",
"Al Ain, United Arab Emirates",Al Ain New Branch - 3 ATMs,"https://www.google.com/maps/dir//'24.228166,55.766371'/@24.228166,55.766371,10z","24.228166,55.766371",
"Al Ain, United Arab Emirates",Al Ain Zoo,"https://www.google.com/maps/dir//'24.179218,55.738591'/@24.179218,55.738591,10z","24.179218,55.738591",
"Abu Dhabi, United Arab Emirates",Al Ansari Exchange,"https://www.google.com/maps/dir//'24.324369,54.534655'/@24.324369,54.534655,10z","24.324369,54.534655",
"Al Ain, United Arab Emirates",Al Ansari Exchange,"https://www.google.com/maps/dir//'24.220756,55.772747'/@24.220756,55.772747,10z","24.220756,55.772747",
"Sharjah, United Arab Emirates",Al Ansari Exchange,"https://www.google.com/maps/dir//'25.321904,55.388668'/@25.321904,55.388668,10z","25.321904,55.388668",
"Abu Dhabi, United Arab Emirates",Al Bustan Complex,"https://www.google.com/maps/dir//'24.429504,54.428541'/@24.429504,54.428541,10z","24.429504,54.428541",
"Abu Dhabi, United Arab Emirates",Al Dahab Exchange,"https://www.google.com/maps/dir//'24.324896,54.533966'/@24.324896,54.533966,10z","24.324896,54.533966",
"Al Dhafra Region, United Arab Emirates",Al Dhafra Municipality,"https://www.google.com/maps/dir//'23.985116,52.283721'/@23.985116,52.283721,10z","23.985116,52.283721",
"Abu Dhabi, United Arab Emirates",Al Falah Shopping Center,"https://www.google.com/maps/dir//'24.478351,54.371992'/@24.478351,54.371992,10z","24.478351,54.371992",
"Al Ain, United Arab Emirates",Al Foah Dates Factory,"https://www.google.com/maps/dir//'24.211021,55.424169'/@24.211021,55.424169,10z","24.211021,55.424169",
"Abu Dhabi, United Arab Emirates",Al Forsan International Sports Resort,"https://www.google.com/maps/dir//'24.409491,54.548438'/@24.409491,54.548438,10z","24.409491,54.548438",
"Dubai, United Arab Emirates",Al Jaddaf Building,"https://www.google.com/maps/dir//'25.216507,55.323968'/@25.216507,55.323968,10z","25.216507,55.323968",
"Dubai, United Arab Emirates",Al Khail Gate,"https://www.google.com/maps/dir//'25.144207,55.251263'/@25.144207,55.251263,10z","25.144207,55.251263",
"Dubai, United Arab Emirates",Al Khail Mall Grand Hypermarkets,"https://www.google.com/maps/dir//'25.117505,55.207672'/@25.117505,55.207672,10z","25.117505,55.207672",
"Ras Al Khaimah, United Arab Emirates",Al Khaleej Market,"https://www.google.com/maps/dir//'25.836439,55.997961'/@25.836439,55.997961,10z","25.836439,55.997961",
"Abu Dhabi, United Arab Emirates",Al Khubeirah Branch - 3 ATMs,"https://www.google.com/maps/dir//'24.46382,54.335697'/@24.46382,54.335697,10z","24.46382,54.335697",
"Al Ain, United Arab Emirates",Al Maqam Branch (2 ATMs) - Digital branch (no tellers),"https://www.google.com/maps/dir//'24.1976198,55.6599622'/@24.1976198,55.6599622,10z","24.1976198,55.6599622",
"Dubai, United Arab Emirates",Al Nukhba Business Centre,"https://www.google.com/maps/dir//'25.288498,55.363395'/@25.288498,55.363395,10z","25.288498,55.363395",
"Abu Dhabi, United Arab Emirates",Al Rayan Village Construction City,"https://www.google.com/maps/dir//'24.255377,54.631813'/@24.255377,54.631813,10z","24.255377,54.631813",
"Ras Al Khaimah, United Arab Emirates",Al Rifaa Digital Branch - 3 ATMs,"https://www.google.com/maps/dir//'25.721455,55.868281'/@25.721455,55.868281,10z","25.721455,55.868281",
"Sharjah, United Arab Emirates",Al Saada Center,"https://www.google.com/maps/dir//'25.339172,55.416358'/@25.339172,55.416358,10z","25.339172,55.416358",
"Al Dhafra Region, United Arab Emirates",Al Salaam Living City,"https://www.google.com/maps/dir//'24.155369,54.428067'/@24.155369,54.428067,10z","24.155369,54.428067",
"Abu Dhabi, United Arab Emirates",Al Wathba Stables,"https://www.google.com/maps/dir//'24.178709,54.69652'/@24.178709,54.69652,10z","24.178709,54.69652",
"Sharjah, United Arab Emirates",Al Zahia City Center Branch - Digital branch (no teller services),"https://www.google.com/maps/dir//'25.315600561496,55.4549452996178'/@25.315600561496,55.4549452996178,10z","25.315600561496,55.4549452996178",
"Dubai, United Arab Emirates",Arabian Plaza,"https://www.google.com/maps/dir//'25.235226,55.435942'/@25.235226,55.435942,10z","25.235226,55.435942",
"Abu Dhabi, United Arab Emirates",Armed Forces Co-op Society - Mahawi,"https://www.google.com/maps/dir//'24.35611,54.578738'/@24.35611,54.578738,10z","24.35611,54.578738",
"Abu Dhabi, United Arab Emirates",Armed Forces Co-op Society - Umm Al Nar,"https://www.google.com/maps/dir//'24.437621,54.508506'/@24.437621,54.508506,10z","24.437621,54.508506",
"Abu Dhabi, United Arab Emirates",Baniyas Branch - 3 ATMs,"https://www.google.com/maps/dir//'24.286381,54.642434'/@24.286381,54.642434,10z","24.286381,54.642434",
"Abu Dhabi, United Arab Emirates",Bateen Branch - 3 ATMs,"https://www.google.com/maps/dir//'24.459778,54.347965'/@24.459778,54.347965,10z","24.459778,54.347965",
"Abu Dhabi, United Arab Emirates",Batin Military Camp,"https://www.google.com/maps/dir//'24.44818,54.355668'/@24.44818,54.355668,10z","24.44818,54.355668",
"Abu Dhabi, United Arab Emirates",Bawabat Al Sharq Mall,"https://www.google.com/maps/dir//'24.312124,54.619978'/@24.312124,54.619978,10z","24.312124,54.619978",
"Al Ain, United Arab Emirates",Bawadi Mall,"https://www.google.com/maps/dir//'24.160537,55.806813'/@24.160537,55.806813,10z","24.160537,55.806813",
"Abu Dhabi, United Arab Emirates",Between Two Bridges Branch - 2 ATMs,"https://www.google.com/maps/dir//'24.407206,54.50433'/@24.407206,54.50433,10z","24.407206,54.50433",
"Dubai, United Arab Emirates",Bur Dubai Branch - 6 ATMs,"https://www.google.com/maps/dir//'25.25622,55.302403'/@25.25622,55.302403,10z","25.25622,55.302403",
"Abu Dhabi, United Arab Emirates",Business Park - 4 ATMs,"https://www.google.com/maps/dir//'24.428521,54.465243'/@24.428521,54.465243,10z","24.428521,54.465243",
"Abu Dhabi, United Arab Emirates",Capital Health Screening Center - Jazeera Stadium,"https://www.google.com/maps/dir//'24.452093,54.392783'/@24.452093,54.392783,10z","24.452093,54.392783",
"Fujairah, United Arab Emirates",Century Mall,"https://www.google.com/maps/dir//'25.157463,56.350121'/@25.157463,56.350121,10z","25.157463,56.350121",
"Dubai, United Arab Emirates",Choitrams Supermarket,"https://www.google.com/maps/dir//'25.068605,55.130164'/@25.068605,55.130164,10z","25.068605,55.130164",
"Abu Dhabi, United Arab Emirates",Corniche Branch - 2 ATMs,"https://www.google.com/maps/dir//'24.472685,54.341037'/@24.472685,54.341037,10z","24.472685,54.341037",
"Abu Dhabi, United Arab Emirates",Crown Prince Court - 2 ATMs,"https://www.google.com/maps/dir//'24.454865,54.344419'/@24.454865,54.344419,10z","24.454865,54.344419",
"Abu Dhabi, United Arab Emirates",Dalma Mall Branch - 4 ATMs,"https://www.google.com/maps/dir//'24.33302,54.523258'/@24.33302,54.523258,10z","24.33302,54.523258",
"Abu Dhabi, United Arab Emirates",Das Island Branch - 2 ATMs,"https://www.google.com/maps/dir//'25.147907,52.878064'/@25.147907,52.878064,10z","25.147907,52.878064",
"Abu Dhabi, United Arab Emirates",Deerfields Town Square Mall,"https://www.google.com/maps/dir//'24.523679,54.670994'/@24.523679,54.670994,10z","24.523679,54.670994",
"Dubai, United Arab Emirates",Deira City Centre Branch - 3 ATMs,"https://www.google.com/maps/dir//'25.251673,55.332105'/@25.251673,55.332105,10z","25.251673,55.332105",
"Al Dhafra Region, United Arab Emirates",Delma Island Branch,"https://www.google.com/maps/dir//'24.482501,52.305656'/@24.482501,52.305656,10z","24.482501,52.305656",
"Fujairah, United Arab Emirates",Dibba Branch - 3 ATMs,"https://www.google.com/maps/dir//'25.599558,56.269408'/@25.599558,56.269408,10z","25.599558,56.269408",
"Dubai, United Arab Emirates",Dubai Mall - 4 ATMs,"https://www.google.com/maps/dir//'25.197486,55.279062'/@25.197486,55.279062,10z","25.197486,55.279062",
"Dubai, United Arab Emirates",Dubai Municipality - Al Fahidi Souk,"https://www.google.com/maps/dir//'25.260366,55.297608'/@25.260366,55.297608,10z","25.260366,55.297608",
"Dubai, United Arab Emirates","Dubai Parks & Resorts, Riverland India Gate 7","https://www.google.com/maps/dir//'24.91669,55.008193'/@24.91669,55.008193,10z","24.91669,55.008193",
"Dubai, United Arab Emirates",Elite Centre - Avenue Mall Digital Branch,"https://www.google.com/maps/dir//'25.1441489,55.3467343'/@25.1441489,55.3467343,10z","25.1441489,55.3467343",
"Al Ain, United Arab Emirates",Elite Centre - Al Ain Branch,"https://www.google.com/maps/dir//'24.228166,55.766371'/@24.228166,55.766371,10z","24.228166,55.766371",
"Abu Dhabi, United Arab Emirates",Elite Centre - Bateen,"https://www.google.com/maps/dir//'24.459778,54.347965'/@24.459778,54.347965,10z","24.459778,54.347965",
"Abu Dhabi, United Arab Emirates",Elite Centre - Business Park,"https://www.google.com/maps/dir//'24.42869,54.46527'/@24.42869,54.46527,10z","24.42869,54.46527",
"Dubai, United Arab Emirates",Elite Centre - Dubai Hills Mall Digital Branch,"https://www.google.com/maps/dir//'25.101873,55.240342'/@25.101873,55.240342,10z","25.101873,55.240342",
"Abu Dhabi, United Arab Emirates",Elite Centre - Khubeirah,"https://www.google.com/maps/dir//'24.46382,54.335697'/@24.46382,54.335697,10z","24.46382,54.335697",
"Ras Al Khaimah, United Arab Emirates",Elite Centre - Ras Al Khaimah,"https://www.google.com/maps/dir//'25.789589,55.949271'/@25.789589,55.949271,10z","25.789589,55.949271",
"Abu Dhabi, United Arab Emirates",Elite Centre - Salam Street,"https://www.google.com/maps/dir//'24.491543,54.378095'/@24.491543,54.378095,10z","24.491543,54.378095",
"Sharjah, United Arab Emirates",Elite Centre - Sharjah,"https://www.google.com/maps/dir//'25.332405,55.390119'/@25.332405,55.390119,10z","25.332405,55.390119",
"Fujairah, United Arab Emirates",Elite Service Desk - Dibba,"https://www.google.com/maps/dir//'25.599558,56.269408'/@25.599558,56.269408,10z","25.599558,56.269408",
"Dubai, United Arab Emirates",Elite Service Desk - Sheikh Zayed Road,"https://www.google.com/maps/dir//'25.128482,55.210784'/@25.128482,55.210784,10z","25.128482,55.210784",
"Ras Al Khaimah, United Arab Emirates",EMARAT - Al Ma'arid,"https://www.google.com/maps/dir//'25.816748,55.969511'/@25.816748,55.969511,10z","25.816748,55.969511",
"Sharjah, United Arab Emirates",EMARAT - Emirates Service,"https://www.google.com/maps/dir//'25.340271,55.410257'/@25.340271,55.410257,10z","25.340271,55.410257",
"Ras Al Khaimah, United Arab Emirates",EMARAT - Kharran,"https://www.google.com/maps/dir//'25.743138,55.934014'/@25.743138,55.934014,10z","25.743138,55.934014",
"Sharjah, United Arab Emirates",EMARAT - Nasiriya,"https://www.google.com/maps/dir//'25.36949,55.404992'/@25.36949,55.404992,10z","25.36949,55.404992",
"Sharjah, United Arab Emirates",EMARAT - Sharjah Club,"https://www.google.com/maps/dir//'25.33191,55.422206'/@25.33191,55.422206,10z","25.33191,55.422206",
"Dubai, United Arab Emirates",EMARAT - Wejdan,"https://www.google.com/maps/dir//'25.264644,55.392749'/@25.264644,55.392749,10z","25.264644,55.392749",
"Al Dhafra Region, United Arab Emirates",Emirates General Market,"https://www.google.com/maps/dir//'24.086998,52.653536'/@24.086998,52.653536,10z","24.086998,52.653536",
"Al Dhafra Region, United Arab Emirates",Emirates Nuclear Energy Corporation (ENEC),"https://www.google.com/maps/dir//'23.985116,52.283721'/@23.985116,52.283721,10z","23.985116,52.283721",
"Abu Dhabi, United Arab Emirates",Emirates Palace Hotel Branch - 2 ATMs,"https://www.google.com/maps/dir//'24.461792,54.317096'/@24.461792,54.317096,10z","24.461792,54.317096",
"Ajman, United Arab Emirates",ENOC,"https://www.google.com/maps/dir//'25.368725,55.557223'/@25.368725,55.557223,10z","25.368725,55.557223",
"Abu Dhabi, United Arab Emirates",esnaad,"https://www.google.com/maps/dir//'24.325053,54.460604'/@24.325053,54.460604,10z","24.325053,54.460604",
"Abu Dhabi, United Arab Emirates",Etihad Airways Center,"https://www.google.com/maps/dir//'24.449464,54.605291'/@24.449464,54.605291,10z","24.449464,54.605291",
"Abu Dhabi, United Arab Emirates",Etihad Branch - 3 ATMs,"https://www.google.com/maps/dir//'24.462385,54.3869'/@24.462385,54.3869,10z","24.462385,54.3869",
"Abu Dhabi, United Arab Emirates",Etihad Crew Briefing Center,"https://www.google.com/maps/dir//'24.424309,54.64737'/@24.424309,54.64737,10z","24.424309,54.64737",
"Abu Dhabi, United Arab Emirates",Etihad Engineering,"https://www.google.com/maps/dir//'24.4329089064002,54.6355287410713'/@24.4329089064002,54.6355287410713,10z","24.4329089064002,54.6355287410713",
"Abu Dhabi, United Arab Emirates",Etihad Training Academy,"https://www.google.com/maps/dir//'24.445494,54.612329'/@24.445494,54.612329,10z","24.445494,54.612329",
"Ajman, United Arab Emirates",Etisalat,"https://www.google.com/maps/dir//'25.406706,55.508444'/@25.406706,55.508444,10z","25.406706,55.508444",
"Al Ain, United Arab Emirates",Etisalat,"https://www.google.com/maps/dir//'24.20642,55.761521'/@24.20642,55.761521,10z","24.20642,55.761521",
"Al Ain, United Arab Emirates",Etisalat - Al Quoa,"https://www.google.com/maps/dir//'23.399176,55.423367'/@23.399176,55.423367,10z","23.399176,55.423367",
"Abu Dhabi, United Arab Emirates",Etisalat - next to Marks & Spencer,"https://www.google.com/maps/dir//'24.48045,54.360298'/@24.48045,54.360298,10z","24.48045,54.360298",
"Fujairah, United Arab Emirates",Etisalat - Old Building,"https://www.google.com/maps/dir//'25.130808,56.336401'/@25.130808,56.336401,10z","25.130808,56.336401",
"Dubai, United Arab Emirates",Express Al Madeena,"https://www.google.com/maps/dir//'25.138504,55.258063'/@25.138504,55.258063,10z","25.138504,55.258063",
"Abu Dhabi, United Arab Emirates",Express Al Madeena - Al Shaabiya ME10,"https://www.google.com/maps/dir//'24.335501,54.533072'/@24.335501,54.533072,10z","24.335501,54.533072",
"Abu Dhabi, United Arab Emirates",Express Al Madeena - Al Sinaiya M40,"https://www.google.com/maps/dir//'24.353966,54.489865'/@24.353966,54.489865,10z","24.353966,54.489865",
"Dubai, United Arab Emirates",FAB Islamic Dubai branch,"https://www.google.com/maps/dir//'25.25981,55.31871'/@25.25981,55.31871,10z","25.25981,55.31871",
"Al Dhafra Region, United Arab Emirates",FAB Islamic Madinat Zayed Window,"https://www.google.com/maps/dir//'23.652043,53.705045'/@23.652043,53.705045,10z","23.652043,53.705045",
"Abu Dhabi, United Arab Emirates",FAB NHL Abu Dhabi Branch,"https://www.google.com/maps/dir//'24.42869,54.46527'/@24.42869,54.46527,10z","24.42869,54.46527",
"Al Ain, United Arab Emirates",FAB NHL Al Ain Branch,"https://www.google.com/maps/dir//'24.22413,55.75898'/@24.22413,55.75898,10z","24.22413,55.75898",
"Al Ain, United Arab Emirates",FAB NHL Al Maqam Window,"https://www.google.com/maps/dir//'24.1976198,55.6599622'/@24.1976198,55.6599622,10z","24.1976198,55.6599622",
"Al Dhafra Region, United Arab Emirates",FAB NHL Western Region Window,"https://www.google.com/maps/dir//'23.652043,53.705045'/@23.652043,53.705045,10z","23.652043,53.705045",
"Abu Dhabi, United Arab Emirates",FAB One Tower - 4 ATMs,"https://www.google.com/maps/dir//'24.491576,54.361274'/@24.491576,54.361274,10z","24.491576,54.361274",
"Dubai, United Arab Emirates",Fairmont Hotel,"https://www.google.com/maps/dir//'25.226278,55.284418'/@25.226278,55.284418,10z","25.226278,55.284418",
"Dubai, United Arab Emirates",Flavors Supermarket,"https://www.google.com/maps/dir//'25.050018,55.133879'/@25.050018,55.133879,10z","25.050018,55.133879",
"Fujairah, United Arab Emirates",Fujairah Branch - 2 ATMs,"https://www.google.com/maps/dir//'25.121519,56.347507'/@25.121519,56.347507,10z","25.121519,56.347507",
"Abu Dhabi, United Arab Emirates",gamco,"https://www.google.com/maps/dir//'24.433983,54.637789'/@24.433983,54.637789,10z","24.433983,54.637789",
"Al Dhafra Region, United Arab Emirates",GASCO - Bu Hasa,"https://www.google.com/maps/dir//'23.549564,53.296751'/@23.549564,53.296751,10z","23.549564,53.296751",
"Al Dhafra Region, United Arab Emirates",Ghayathi Branch - 2 ATMs,"https://www.google.com/maps/dir//'23.843219,52.808393'/@23.843219,52.808393,10z","23.843219,52.808393",
"Abu Dhabi, United Arab Emirates",GHQ Air Force,"https://www.google.com/maps/dir//'24.444962,54.675751'/@24.444962,54.675751,10z","24.444962,54.675751",
"Abu Dhabi, United Arab Emirates",GHQ Officers Club,"https://www.google.com/maps/dir//'24.401119,54.47382'/@24.401119,54.47382,10z","24.401119,54.47382",
"Dubai, United Arab Emirates",Grand City Mall,"https://www.google.com/maps/dir//'25.128746,55.232466'/@25.128746,55.232466,10z","25.128746,55.232466",
"Abu Dhabi, United Arab Emirates",Grand hypermarket,"https://www.google.com/maps/dir//'24.364589,54.517305'/@24.364589,54.517305,10z","24.364589,54.517305",
"Dubai, United Arab Emirates",Grand Mini Mall,"https://www.google.com/maps/dir//'25.00457,55.107706'/@25.00457,55.107706,10z","25.00457,55.107706",
"Dubai, United Arab Emirates",Green Belt Supermarket,"https://www.google.com/maps/dir//'25.121434,55.3979'/@25.121434,55.3979,10z","25.121434,55.3979",
"Dubai, United Arab Emirates",Happy Land Supermarket,"https://www.google.com/maps/dir//'25.274707,55.325657'/@25.274707,55.325657,10z","25.274707,55.325657",
"Abu Dhabi, United Arab Emirates",Health & Fitness Club,"https://www.google.com/maps/dir//'24.445392,54.381166'/@24.445392,54.381166,10z","24.445392,54.381166",
"Abu Dhabi, United Arab Emirates",Health Authority,"https://www.google.com/maps/dir//'24.431048,54.4329425'/@24.431048,54.4329425,10z","24.431048,54.4329425",
"Abu Dhabi, United Arab Emirates",ICAD Residence Complex - 2 ATMs,"https://www.google.com/maps/dir//'24.343458,54.487311'/@24.343458,54.487311,10z","24.343458,54.487311",
"Dubai, United Arab Emirates",Intercontinental Residential Suites Hotel,"https://www.google.com/maps/dir//'25.231997,55.347109'/@25.231997,55.347109,10z","25.231997,55.347109",
"Abu Dhabi, United Arab Emirates",International Petroleum Investment Company (IPIC),"https://www.google.com/maps/dir//'24.459924,54.391379'/@24.459924,54.391379,10z","24.459924,54.391379",
"Ajman, United Arab Emirates",Istanbul Supermarket- ATM 1,"https://www.google.com/maps/dir//'25.393054,55.433235'/@25.393054,55.433235,10z","25.393054,55.433235",
"Al Ain, United Arab Emirates",Jimi Mall,"https://www.google.com/maps/dir//'24.243443,55.726883'/@24.243443,55.726883,10z","24.243443,55.726883",
"Dubai, United Arab Emirates",Jumeira Emirates Towers Boulevard,"https://www.google.com/maps/dir//'25.21764,55.282503'/@25.21764,55.282503,10z","25.21764,55.282503",
"Dubai, United Arab Emirates",Kadris Mall,"https://www.google.com/maps/dir//'24.974434,55.205106'/@24.974434,55.205106,10z","24.974434,55.205106",
"Sharjah, United Arab Emirates",Kalba Branch (2 ATMs) - Digital branch (no teller services),"https://www.google.com/maps/dir//'25.064242,56.355344'/@25.064242,56.355344,10z","25.064242,56.355344",
"Abu Dhabi, United Arab Emirates",Khalifa University,"https://www.google.com/maps/dir//'24.447324,54.394924'/@24.447324,54.394924,10z","24.447324,54.394924",
"Sharjah, United Arab Emirates",Khorfakkan Branch - 2 ATMs,"https://www.google.com/maps/dir//'25.3553,56.350518'/@25.3553,56.350518,10z","25.3553,56.350518",
"Abu Dhabi, United Arab Emirates",KIZAD - Khalifa Port,"https://www.google.com/maps/dir//'24.779948,54.708891'/@24.779948,54.708891,10z","24.779948,54.708891",
"Abu Dhabi, United Arab Emirates",Landmark Tower,"https://www.google.com/maps/dir//'24.484848,54.350596'/@24.484848,54.350596,10z","24.484848,54.350596",
"Dubai, United Arab Emirates",Landmark Tower,"https://www.google.com/maps/dir//'25.087485,55.151208'/@25.087485,55.151208,10z","25.087485,55.151208",
"Al Dhafra Region, United Arab Emirates",Liwa TAMM Centre Branch,"https://www.google.com/maps/dir//'23.130958,53.798198'/@23.130958,53.798198,10z","23.130958,53.798198",
"Abu Dhabi, United Arab Emirates",Louvre Museum,"https://www.google.com/maps/dir//'24.5347872,54.4090656'/@24.5347872,54.4090656,10z","24.5347872,54.4090656",
"Ajman, United Arab Emirates",Lulu,"https://www.google.com/maps/dir//'25.406841,55.444061'/@25.406841,55.444061,10z","25.406841,55.444061",
"Dubai, United Arab Emirates",Lulu - Al Barsha,"https://www.google.com/maps/dir//'25.117505,55.207672'/@25.117505,55.207672,10z","25.117505,55.207672",
"Al Ain, United Arab Emirates",Lulu - Al Kuwaitat,"https://www.google.com/maps/dir//'24.232349,55.773962'/@24.232349,55.773962,10z","24.232349,55.773962",
"Sharjah, United Arab Emirates",LULU - Al Nahda,"https://www.google.com/maps/dir//'25.303208,55.374194'/@25.303208,55.374194,10z","25.303208,55.374194",
"Dubai, United Arab Emirates",Lulu - Al Qusais,"https://www.google.com/maps/dir//'25.279005,55.362597'/@25.279005,55.362597,10z","25.279005,55.362597",
"Sharjah, United Arab Emirates",LULU - Al Wehda,"https://www.google.com/maps/dir//'25.332346,55.39923'/@25.332346,55.39923,10z","25.332346,55.39923",
"Abu Dhabi, United Arab Emirates",Lulu - Baniyas Mall,"https://www.google.com/maps/dir//'24.296356,54.636122'/@24.296356,54.636122,10z","24.296356,54.636122",
"Fujairah, United Arab Emirates",Lulu - Dibba,"https://www.google.com/maps/dir//'25.589053,56.272831'/@25.589053,56.272831,10z","25.589053,56.272831",
"Dubai, United Arab Emirates",LULU Exchange - Bur Dubai,"https://www.google.com/maps/dir//'25.25995,55.29479'/@25.25995,55.29479,10z","25.25995,55.29479",
"Abu Dhabi, United Arab Emirates",Lulu Exchange - Madinat Zayed Shopping Center,"https://www.google.com/maps/dir//'24.483043,54.365973'/@24.483043,54.365973,10z","24.483043,54.365973",
"Abu Dhabi, United Arab Emirates",Lulu Express - Old EGM,"https://www.google.com/maps/dir//'24.353025,54.648378'/@24.353025,54.648378,10z","24.353025,54.648378",
"Abu Dhabi, United Arab Emirates",Lulu Express - Old Muroor EGM,"https://www.google.com/maps/dir//'24.439829,54.412944'/@24.439829,54.412944,10z","24.439829,54.412944",
"Abu Dhabi, United Arab Emirates",Lulu Express - Y tower,"https://www.google.com/maps/dir//'24.465336,54.386979'/@24.465336,54.386979,10z","24.465336,54.386979",
"Fujairah, United Arab Emirates",Lulu - Fujairah,"https://www.google.com/maps/dir//'25.120156,56.328309'/@25.120156,56.328309,10z","25.120156,56.328309",
"Dubai, United Arab Emirates",Lulu - Karama,"https://www.google.com/maps/dir//'25.238424,55.299586'/@25.238424,55.299586,10z","25.238424,55.299586",
"Abu Dhabi, United Arab Emirates",Lulu - Khalidiya Mall,"https://www.google.com/maps/dir//'24.469963,54.351683'/@24.469963,54.351683,10z","24.469963,54.351683",
"Abu Dhabi, United Arab Emirates",Lulu - Mazyad Mall,"https://www.google.com/maps/dir//'24.37331,54.537882'/@24.37331,54.537882,10z","24.37331,54.537882",
"Abu Dhabi, United Arab Emirates",Lulu - Raha Mall,"https://www.google.com/maps/dir//'24.438887,54.573745'/@24.438887,54.573745,10z","24.438887,54.573745",
"Ras Al Khaimah, United Arab Emirates",Lulu - RAK Mall,"https://www.google.com/maps/dir//'25.772784,55.960579'/@25.772784,55.960579,10z","25.772784,55.960579",
"Al Ain, United Arab Emirates",Lulu - Sinaiya,"https://www.google.com/maps/dir//'24.202956,55.761602'/@24.202956,55.761602,10z","24.202956,55.761602",
"Dubai, United Arab Emirates",LULU Village - Al Muhaisnah,"https://www.google.com/maps/dir//'25.280676,55.410554'/@25.280676,55.410554,10z","25.280676,55.410554",
"Abu Dhabi, United Arab Emirates",Lulu - Wehda Mall,"https://www.google.com/maps/dir//'24.470664,54.372773'/@24.470664,54.372773,10z","24.470664,54.372773",
"Sharjah, United Arab Emirates",Madinat Al Wafa Center,"https://www.google.com/maps/dir//'25.296117,55.43993'/@25.296117,55.43993,10z","25.296117,55.43993",
"Al Dhafra Region, United Arab Emirates",Madinat Zayed Branch - 3 ATMs,"https://www.google.com/maps/dir//'23.652043,53.705045'/@23.652043,53.705045,10z","23.652043,53.705045",
"Abu Dhabi, United Arab Emirates",Mafraq Mall,"https://www.google.com/maps/dir//'24.317803,54.629248'/@24.317803,54.629248,10z","24.317803,54.629248",
"Dubai, United Arab Emirates",Mall of the Emirates Branch - 3 ATMs,"https://www.google.com/maps/dir//'25.118418,55.200655'/@25.118418,55.200655,10z","25.118418,55.200655",
"Abu Dhabi, United Arab Emirates",Mariah Mall,"https://www.google.com/maps/dir//'24.493839,54.367465'/@24.493839,54.367465,10z","24.493839,54.367465",
"Sharjah, United Arab Emirates",Matajer Mall,"https://www.google.com/maps/dir//'25.352508,55.451995'/@25.352508,55.451995,10z","25.352508,55.451995",
"Abu Dhabi, United Arab Emirates",Mazyad Mall,"https://www.google.com/maps/dir//'24.37331,54.537882'/@24.37331,54.537882,10z","24.37331,54.537882",
"Abu Dhabi, United Arab Emirates",Mecca Mall,"https://www.google.com/maps/dir//'24.297107,54.637639'/@24.297107,54.637639,10z","24.297107,54.637639",
"Abu Dhabi, United Arab Emirates",Ministry of Foreign Affairs,"https://www.google.com/maps/dir//'24.454328,54.331985'/@24.454328,54.331985,10z","24.454328,54.331985",
"Dubai, United Arab Emirates",Mirdif City Center Branch - 2 ATMs,"https://www.google.com/maps/dir//'25.217657,55.407381'/@25.217657,55.407381,10z","25.217657,55.407381",
"Abu Dhabi, United Arab Emirates",Musaffah Branch - 4 ATMs,"https://www.google.com/maps/dir//'24.379043,54.523685'/@24.379043,54.523685,10z","24.379043,54.523685",
"Abu Dhabi, United Arab Emirates",Mushrif Central Park - Um Al Emarat,"https://www.google.com/maps/dir//'24.453421,54.381135'/@24.453421,54.381135,10z","24.453421,54.381135",
"Dubai, United Arab Emirates",Nakheel Mall Branch - 2 ATMs,"https://www.google.com/maps/dir//'25.115221,55.138853'/@25.115221,55.138853,10z","25.115221,55.138853",
"Al Dhafra Region, United Arab Emirates",National Drilling Company (NDC) Base Camp,"https://www.google.com/maps/dir//'23.73718,53.528617'/@23.73718,53.528617,10z","23.73718,53.528617",
"Umm Al Quwain, United Arab Emirates",Nesto Supermarket - Al Wafa Center,"https://www.google.com/maps/dir//'25.501245,55.575698'/@25.501245,55.575698,10z","25.501245,55.575698",
"Dubai, United Arab Emirates",Nesto Supermarket - Jabal Ali,"https://www.google.com/maps/dir//'25.006763,55.10692'/@25.006763,55.10692,10z","25.006763,55.10692",
"Abu Dhabi, United Arab Emirates",New Al Shahama Branch - 2 ATMs,"https://www.google.com/maps/dir//'24.526115,54.676445'/@24.526115,54.676445,10z","24.526115,54.676445",
"Dubai, United Arab Emirates",New West Accommodation - JAFZA,"https://www.google.com/maps/dir//'24.956997,55.05639'/@24.956997,55.05639,10z","24.956997,55.05639",
"Dubai, United Arab Emirates",Nuzul Accommodation,"https://www.google.com/maps/dir//'25.001301,55.104032'/@25.001301,55.104032,10z","25.001301,55.104032",
"Al Ain, United Arab Emirates",Oud Al Touba Branch - 2 ATMs,"https://www.google.com/maps/dir//'24.227801,55.757369'/@24.227801,55.757369,10z","24.227801,55.757369",
"Abu Dhabi, United Arab Emirates",Paragon Bay Mall,"https://www.google.com/maps/dir//'24.491149,54.394048'/@24.491149,54.394048,10z","24.491149,54.394048",
"Dubai, United Arab Emirates",Parco Supermarket - Golden,"https://www.google.com/maps/dir//'24.975205,55.168216'/@24.975205,55.168216,10z","24.975205,55.168216",
"Dubai, United Arab Emirates",Parco Supermarket - New,"https://www.google.com/maps/dir//'24.976491,55.157831'/@24.976491,55.157831,10z","24.976491,55.157831",
"Dubai, United Arab Emirates",Parco Supermarket - Royal,"https://www.google.com/maps/dir//'24.988261,55.196586'/@24.988261,55.196586,10z","24.988261,55.196586",
"Abu Dhabi, United Arab Emirates",Paris Sorbonne University,"https://www.google.com/maps/dir//'24.488779,54.412024'/@24.488779,54.412024,10z","24.488779,54.412024",
"Abu Dhabi, United Arab Emirates",Park Hyatt,"https://www.google.com/maps/dir//'24.545244,54.434718'/@24.545244,54.434718,10z","24.545244,54.434718",
"Dubai, United Arab Emirates",Pasons Supermarket,"https://www.google.com/maps/dir//'24.987235,55.196562'/@24.987235,55.196562,10z","24.987235,55.196562",
"Abu Dhabi, United Arab Emirates",Petroleum Institute - Gents section,"https://www.google.com/maps/dir//'24.418444,54.501594'/@24.418444,54.501594,10z","24.418444,54.501594",
"Abu Dhabi, United Arab Emirates",Petroleum Institute - Ladies section,"https://www.google.com/maps/dir//'24.420832,54.497343'/@24.420832,54.497343,10z","24.420832,54.497343",
"Abu Dhabi, United Arab Emirates",Plaza 30 - Al Nahyan Camp,"https://www.google.com/maps/dir//'24.471576,54.38552'/@24.471576,54.38552,10z","24.471576,54.38552",
"Abu Dhabi, United Arab Emirates",Presidential Flight,"https://www.google.com/maps/dir//'24.442012,54.627194'/@24.442012,54.627194,10z","24.442012,54.627194",
"Abu Dhabi, United Arab Emirates",Private Banking Centre Business Park Head Office (3rd Floor),"https://www.google.com/maps/dir//'24.42869,54.46527'/@24.42869,54.46527,10z","24.42869,54.46527",
"Dubai, United Arab Emirates",Private Banking Centre Sheikh Zayed Road,"https://www.google.com/maps/dir//'25.128482,55.210784'/@25.128482,55.210784,10z","25.128482,55.210784",
"Dubai, United Arab Emirates",Qamar Al Madeena Supermarket,"https://www.google.com/maps/dir//'25.124344,55.230514'/@25.124344,55.230514,10z","25.124344,55.230514",
"Abu Dhabi, United Arab Emirates",Rabee Al Madeena Supermarket,"https://www.google.com/maps/dir//'24.276448,54.580132'/@24.276448,54.580132,10z","24.276448,54.580132",
"Ras Al Khaimah, United Arab Emirates",Ras Al Khaimah Corniche Branch - 3 ATMs,"https://www.google.com/maps/dir//'25.789589,55.949271'/@25.789589,55.949271,10z","25.789589,55.949271",
"Abu Dhabi, United Arab Emirates",Retirement Pension Fund,"https://www.google.com/maps/dir//'24.421592,54.44865'/@24.421592,54.44865,10z","24.421592,54.44865",
"Abu Dhabi, United Arab Emirates",Royal Emirates Supermarket,"https://www.google.com/maps/dir//'24.373619,54.506049'/@24.373619,54.506049,10z","24.373619,54.506049",
"Abu Dhabi, United Arab Emirates",Royal Group Building,"https://www.google.com/maps/dir//'24.429876,54.463214'/@24.429876,54.463214,10z","24.429876,54.463214",
"Al Dhafra Region, United Arab Emirates",Ruwais Branch - 2 ATMs,"https://www.google.com/maps/dir//'24.08882,52.648772'/@24.08882,52.648772,10z","24.08882,52.648772",
"Al Dhafra Region, United Arab Emirates",Ruwais Hospital,"https://www.google.com/maps/dir//'24.101758,52.736564'/@24.101758,52.736564,10z","24.101758,52.736564",
"Sharjah, United Arab Emirates",Safari Mall,"https://www.google.com/maps/dir//'25.30554,55.450547'/@25.30554,55.450547,10z","25.30554,55.450547",
"Al Ain, United Arab Emirates",Safeer Supermarket,"https://www.google.com/maps/dir//'24.242132,55.746509'/@24.242132,55.746509,10z","24.242132,55.746509",
"Sharjah, United Arab Emirates",Sahara Centre Digital Branch - 2 ATMs,"https://www.google.com/maps/dir//'25.2978213,55.3741586'/@25.2978213,55.3741586,10z","25.2978213,55.3741586",
"Fujairah, United Arab Emirates",Sajida Supermarket,"https://www.google.com/maps/dir//'25.135373,56.354263'/@25.135373,56.354263,10z","25.135373,56.354263",
"Abu Dhabi, United Arab Emirates",Salam Street Branch - 3 ATMs,"https://www.google.com/maps/dir//'24.491543,54.378095'/@24.491543,54.378095,10z","24.491543,54.378095",
"Dubai, United Arab Emirates",Save & Smile Hypermarket,"https://www.google.com/maps/dir//'25.279218,55.351889'/@25.279218,55.351889,10z","25.279218,55.351889",
"Dubai, United Arab Emirates",Shaklan Supermarket - Al Qouz,"https://www.google.com/maps/dir//'25.126364,55.246427'/@25.126364,55.246427,10z","25.126364,55.246427",
"Dubai, United Arab Emirates",Shaklan Supermarket - Sonapor,"https://www.google.com/maps/dir//'25.274547,55.421814'/@25.274547,55.421814,10z","25.274547,55.421814",
"Dubai, United Arab Emirates",Shams Al Qouz Restaurant,"https://www.google.com/maps/dir//'25.134691,55.233376'/@25.134691,55.233376,10z","25.134691,55.233376",
"Sharjah, United Arab Emirates",Sharjah Branch - 3 ATMs,"https://www.google.com/maps/dir//'25.332405,55.390119'/@25.332405,55.390119,10z","25.332405,55.390119",
"Sharjah, United Arab Emirates",Sharjah City Center,"https://www.google.com/maps/dir//'25.325568,55.393751'/@25.325568,55.393751,10z","25.325568,55.393751",
"Umm Al Quwain, United Arab Emirates",Sheikh Khalifa General Hospital,"https://www.google.com/maps/dir//'25.501799,55.598974'/@25.501799,55.598974,10z","25.501799,55.598974",
"Dubai, United Arab Emirates",Sheikh Zayed Road Branch - 4 ATMs,"https://www.google.com/maps/dir//'25.128482,55.210784'/@25.128482,55.210784,10z","25.128482,55.210784",
"Ajman, United Arab Emirates",SKMC,"https://www.google.com/maps/dir//'25.416957,55.49598'/@25.416957,55.49598,10z","25.416957,55.49598",
"Ras Al Khaimah, United Arab Emirates",SKMC,"https://www.google.com/maps/dir//'25.836439,55.997961'/@25.836439,55.997961,10z","25.836439,55.997961",
"Abu Dhabi, United Arab Emirates",Souq Al Jami - Sheikh Zayed Grand Mosque,"https://www.google.com/maps/dir//'24.408467,54.475094'/@24.408467,54.475094,10z","24.408467,54.475094",
"Dubai, United Arab Emirates",South G6 Commercial Centre - JAFZA,"https://www.google.com/maps/dir//'24.947641,55.082654'/@24.947641,55.082654,10z","24.947641,55.082654",
"Al Ain, United Arab Emirates",STRATA Manufacturing,"https://www.google.com/maps/dir//'24.285973,55.624152'/@24.285973,55.624152,10z","24.285973,55.624152",
"Dubai, United Arab Emirates",Studio One Hotel,"https://www.google.com/maps/dir//'25.043123,55.250197'/@25.043123,55.250197,10z","25.043123,55.250197",
"Abu Dhabi, United Arab Emirates",Supreme Council,"https://www.google.com/maps/dir//'24.454143,54.307072'/@24.454143,54.307072,10z","24.454143,54.307072",
"Abu Dhabi, United Arab Emirates",Sweihan Branch - 2 ATMs,"https://www.google.com/maps/dir//'24.467409,55.329364'/@24.467409,55.329364,10z","24.467409,55.329364",
"Al Dhafra Region, United Arab Emirates",TAMM - Mirfaa,"https://www.google.com/maps/dir//'24.088489,53.482011'/@24.088489,53.482011,10z","24.088489,53.482011",
"Abu Dhabi, United Arab Emirates",Tawazun,"https://www.google.com/maps/dir//'24.563858,54.889894'/@24.563858,54.889894,10z","24.563858,54.889894",
"Abu Dhabi, United Arab Emirates",UAE Central Bank,"https://www.google.com/maps/dir//'24.456371,54.33682'/@24.456371,54.33682,10z","24.456371,54.33682",
"Umm Al Quwain, United Arab Emirates",Umm Al Quwain Branch - 2 ATMs,"https://www.google.com/maps/dir//'25.552412,55.546432'/@25.552412,55.546432,10z","25.552412,55.546432",
"Al Ain, United Arab Emirates",Wahat Al Hili Mall Branch - 2 ATMs,"https://www.google.com/maps/dir//'24.274589,55.778778'/@24.274589,55.778778,10z","24.274589,55.778778",
"Abu Dhabi, United Arab Emirates",Wehda Mall - Ground Floor,"https://www.google.com/maps/dir//'24.470664,54.372773'/@24.470664,54.372773,10z","24.470664,54.372773",
"Dubai, United Arab Emirates",West Zone Supermarket,"https://www.google.com/maps/dir//'25.098468,55.17588'/@25.098468,55.17588,10z","25.098468,55.17588",
"Abu Dhabi, United Arab Emirates",Yas Rotana Hotel,"https://www.google.com/maps/dir//'24.466365,54.59909'/@24.466365,54.59909,10z","24.466365,54.59909",
"Al Dhafra Region, United Arab Emirates",Zakum Field - Al Ghallan Island,"https://www.google.com/maps/dir//'24.498076,52.533989'/@24.498076,52.533989,10z","24.498076,52.533989",
"Al Dhafra Region, United Arab Emirates",Zakum Island,"https://www.google.com/maps/dir//'25.060721,52.537994'/@25.060721,52.537994,10z","25.060721,52.537994",
"Al Dhafra Region, United Arab Emirates",Zirku Island - 2 ATMs,"https://www.google.com/maps/dir//'24.882154,53.083974'/@24.882154,53.083974,10z","24.882154,53.083974",
"Abu Dhabi, United Arab Emirates",ADNEC Event,"https://www.google.com/maps/dir//'24.419164,54.438285'/@24.419164,54.438285,10z","24.419164,54.438285",
"Abu Dhabi, United Arab Emirates",ADNOC Service Station - Khanoor,"https://www.google.com/maps/dir//'23.088514,53.606233'/@23.088514,53.606233,10z","23.088514,53.606233",
"Abu Dhabi, United Arab Emirates",Al Ahlia Exchange - Electra,"https://www.google.com/maps/dir//'24.29352,54.626891'/@24.29352,54.626891,10z","24.29352,54.626891",
"Abu Dhabi, United Arab Emirates",Al Raha Shopping Center,"https://www.google.com/maps/dir//'24.252049,54.627395'/@24.252049,54.627395,10z","24.252049,54.627395",
"Abu Dhabi, United Arab Emirates",Dorat Al Shalaila Hypermarket,"https://www.google.com/maps/dir//'24.638075,54.677648'/@24.638075,54.677648,10z","24.638075,54.677648",
"Abu Dhabi, United Arab Emirates",Emirates Steel,"https://www.google.com/maps/dir//'24.322766,54.472549'/@24.322766,54.472549,10z","24.322766,54.472549",
"Abu Dhabi, United Arab Emirates",Express Al Madeena - Old Qaisar Max,"https://www.google.com/maps/dir//'24.359879,54.485305'/@24.359879,54.485305,10z","24.359879,54.485305",
"Abu Dhabi, United Arab Emirates",Fairmont Hotel,"https://www.google.com/maps/dir//'24.414524,54.490643'/@24.414524,54.490643,10z","24.414524,54.490643",
"Abu Dhabi, United Arab Emirates",Shaheen Supermarket,"https://www.google.com/maps/dir//'24.468645,54.33943'/@24.468645,54.33943,10z","24.468645,54.33943",
"Abu Dhabi, United Arab Emirates",Yas Viceroy Hotel,"https://www.google.com/maps/dir//'24.467295,54.605371'/@24.467295,54.605371,10z","24.467295,54.605371",
"Dubai, United Arab Emirates",FAB Commercial Sheikh Zayed Road Branch,"https://www.google.com/maps/dir//'25.128498,55.210918'/@25.128498,55.210918,10z","25.128498,55.210918",
"Dubai, United Arab Emirates",FAB Commercial Deira Branch,"https://www.google.com/maps/dir//'25.264999,55.330267'/@25.264999,55.330267,10z","25.264999,55.330267",
"Abu Dhabi, United Arab Emirates",Elite Centre - FAB One Tower,"https://www.google.com/maps/dir//'24.491576,54.361274'/@24.491576,54.361274,10z","24.491576,54.361274",
"Ras Al Khaimah, United Arab Emirates",FAB Commercial Ras Al Khaimah Branch,"https://www.google.com/maps/dir//'25.799994,55.973772'/@25.799994,55.973772,10z","25.799994,55.973772",
"Al Ain, United Arab Emirates",FAB Commercial Al Ain Branch,"https://www.google.com/maps/dir//'24.2277906843561,55.7551740149905'/@24.2277906843561,55.7551740149905,10z","24.2277906843561,55.7551740149905",
"Abu Dhabi, United Arab Emirates",ADNOC - Al Shawamekh,"https://www.google.com/maps/dir//'24.355209,54.644628'/@24.355209,54.644628,10z","24.355209,54.644628",
"Sharjah, United Arab Emirates",FAB Commercial Sharjah Branch,"https://www.google.com/maps/dir//'25.358555,55.387971'/@25.358555,55.387971,10z","25.358555,55.387971",
"Abu Dhabi, United Arab Emirates",NPCC Cash Office - 3 ATMs,"https://www.google.com/maps/dir//'24.341173,54.463863'/@24.341173,54.463863,10z","24.341173,54.463863",
"Abu Dhabi, United Arab Emirates",Yas Mall Branch - 3 ATMs,"https://www.google.com/maps/dir//'24.488535,54.608692'/@24.488535,54.608692,10z","24.488535,54.608692",
"Abu Dhabi, United Arab Emirates",Ministry of Presidential Affairs - 2 ATMs,"https://www.google.com/maps/dir//'24.458108,54.331491'/@24.458108,54.331491,10z","24.458108,54.331491",
"Abu Dhabi, United Arab Emirates",FAB Islamic Abu Dhabi branch,"https://www.google.com/maps/dir//'24.4908,54.35491'/@24.4908,54.35491,10z","24.4908,54.35491",
"Abu Dhabi, United Arab Emirates",Rahba Police Station,"https://www.google.com/maps/dir//'24.657587,54.743274'/@24.657587,54.743274,10z","24.657587,54.743274",
"Abu Dhabi, United Arab Emirates",Reem Mall Branch - Digital branch (no teller services),"https://www.google.com/maps/dir//'24.4898,54.402'/@24.4898,54.402,10z","24.4898,54.402",
