https://bankajk.com/bajk-maps/001.php,"34.345478,73.4669172"
https://bankajk.com/bajk-maps/002.php,"33.1497909,73.741833"
https://bankajk.com/bajk-maps/003.php,"33.3432026,73.6942077"
https://bankajk.com/bajk-maps/004.php,"33.2650478,73.7843701"
https://bankajk.com/bajk-maps/005.php,"33.5147234,73.8994543,19z/data=!10m1!1e1!12b1?source=apiv3&rapsrc=apiv3"
https://bankajk.com/bajk-maps/006.php,"33.8579759,73.759274"
https://bankajk.com/bajk-maps/007.php,"33.5129108,73.7552923"
https://bankajk.com/bajk-maps/008.php,"34.5885451,73.9149642"
https://bankajk.com/bajk-maps/009.php,"33.1883584,73.8318372"
https://bankajk.com/bajk-maps/010.php,"33.979593,73.7776458"
https://bankajk.com/bajk-maps/011.php,"33.9742392,73.6580086"
https://bankajk.com/bajk-maps/012.php,"32.9729087,74.0726593"
https://bankajk.com/bajk-maps/013.php,"33.7181555,73.6868852"
https://bankajk.com/bajk-maps/014.php,"33.3956281,73.8297021"
https://bankajk.com/bajk-maps/015.php,"33.1378898,73.7753496,18z/data=!10m1!1e1!12b1?source=apiv3&rapsrc=apiv3"
https://bankajk.com/bajk-maps/016.php,"33.7704685,73.8952929,16z/data=!10m1!1e1!12b1?source=apiv3&rapsrc=apiv3"
https://bankajk.com/bajk-maps/017.php,"34.2335386,73.6086146"
https://bankajk.com/bajk-maps/018.php,"34.3790629,73.4638181"
https://bankajk.com/bajk-maps/019.php,"34.2115731,73.4958242"
https://bankajk.com/bajk-maps/020.php,"33.3498131,73.9093354,14z/data=!10m1!1e1!12b1?source=apiv3&rapsrc=apiv3"
https://bankajk.com/bajk-maps/021.php,"33.3498131,73.9093354,14z/data=!10m1!1e1!12b1?source=apiv3&rapsrc=apiv3"
https://bankajk.com/bajk-maps/022.php,"34.1490931,73.6779846,15z/data=!10m1!1e1!12b1?source=apiv3&rapsrc=apiv3"
https://bankajk.com/bajk-maps/023.php,"34.0350906,73.5801816"
https://bankajk.com/bajk-maps/024.php,"34.4487106,73.5480059,16z/data=!10m1!1e1!12b1?source=apiv3&rapsrc=apiv3"
https://bankajk.com/bajk-maps/025.php,"33.8166443,73.9723393,15z/data=!10m1!1e1!12b1?source=apiv3&rapsrc=apiv3"
https://bankajk.com/bajk-maps/026.php,"33.5655512,73.8431857"
https://bankajk.com/bajk-maps/027.php,"33.0551666,73.7889918,18z/data=!10m1!1e1!12b1?source=apiv3&rapsrc=apiv3"
https://bankajk.com/bajk-maps/028.php,"34.3699335,73.46866,18z/data=!10m1!1e1!12b1?source=apiv3&rapsrc=apiv3"
https://bankajk.com/bajk-maps/029.php,"32.8710439,74.2441461,18z/data=!10m1!1e1!12b1?source=apiv3&rapsrc=apiv3"
https://bankajk.com/bajk-maps/030.php,"33.8456131,73.8298833"
https://bankajk.com/bajk-maps/031.php,"33.4824611,74.0339819,18z/data=!10m1!1e1!12b1?source=apiv3&rapsrc=apiv3"
https://bankajk.com/bajk-maps/032.php,"33.7602836,73.7885829,15z/data=!10m1!1e1!12b1?source=apiv3&rapsrc=apiv3"
https://bankajk.com/bajk-maps/033.php,"33.120073,74.0748245,16z/data=!10m1!1e1!12b1?source=apiv3&rapsrc=apiv3"
https://bankajk.com/bajk-maps/034.php,"34.172057,73.733974,15z/data=!10m1!1e1!12b1?source=apiv3&rapsrc=apiv3"
https://bankajk.com/bajk-maps/035.php,"33.1842741,73.952794"
https://bankajk.com/bajk-maps/036.php,"33.300403,73.9521582"
https://bankajk.com/bajk-maps/037.php,"34.1132724,73.8791541,15z/data=!10m1!1e1!12b1?source=apiv3&rapsrc=apiv3"
https://bankajk.com/bajk-maps/038.php,"33.8845704,74.1047674,18z/data=!10m1!1e1!12b1?source=apiv3&rapsrc=apiv3"
https://bankajk.com/bajk-maps/039.php,"33.9208961,73.6866597"
https://bankajk.com/bajk-maps/040.php,"34.3601991,73.473301"
https://bankajk.com/bajk-maps/041.php,"33.647466,73.8159775,10z/data=!10m1!1e1!12b1?source=apiv3&rapsrc=apiv3"
https://bankajk.com/bajk-maps/042.php,"33.6064349,73.9478857,15z/data=!10m1!1e1!12b1?source=apiv3&rapsrc=apiv3"
https://bankajk.com/bajk-maps/043.php,"34.7934579,74.1843559,16z/data=!10m1!1e1!12b1?source=apiv3&rapsrc=apiv3"
https://bankajk.com/bajk-maps/044.php,"33.3267608,74.0367767"
https://bankajk.com/bajk-maps/045.php,"33.0348428,73.8393825"
https://bankajk.com/bajk-maps/046.php,"33.1290278,73.7473081"
https://bankajk.com/bajk-maps/047.php,"33.1777438,73.8688517,18z/data=!10m1!1e1!12b1?source=apiv3&rapsrc=apiv3"
https://bankajk.com/bajk-maps/048.php,"33.4118121,73.99859"
https://bankajk.com/bajk-maps/049.php,"33.624438,73.7648249,10z/data=!10m1!1e1!12b1?source=apiv3&rapsrc=apiv3"
https://bankajk.com/bajk-maps/050.php,"33.8498386,73.6396824"
https://bankajk.com/bajk-maps/051.php,"33.374216,73.9473252,14z/data=!10m1!1e1!12b1?source=apiv3&rapsrc=apiv3"
https://bankajk.com/bajk-maps/052.php,"34.4929024,73.8364131,11z/data=!10m1!1e1!12b1?source=apiv3&rapsrc=apiv3"
https://bankajk.com/bajk-maps/053.php,"34.3734366,73.4690283"
https://bankajk.com/bajk-maps/054.php,"33.1480522,73.7511451"
https://bankajk.com/bajk-maps/055.php,"33.4513515,73.8163729,18z/data=!10m1!1e1!12b1?source=apiv3&rapsrc=apiv3"
https://bankajk.com/bajk-maps/056.php,"33.8622407,73.7575534,15z/data=!10m1!1e1!12b1?source=apiv3&rapsrc=apiv3"
https://bankajk.com/bajk-maps/057.php,"33.2535686,73.7719792,15z/data=!10m1!1e1!12b1?source=apiv3&rapsrc=apiv3"
https://bankajk.com/bajk-maps/058.php,"33.3668348,73.6594861,16z/data=!10m1!1e1!12b1?source=apiv3&rapsrc=apiv3"
https://bankajk.com/bajk-maps/059.php,"32.8385369,74.3494525,18z/data=!10m1!1e1!12b1?source=apiv3&rapsrc=apiv3"
https://bankajk.com/bajk-maps/060.php,"30.6056316,69.3451155,5z/data=!3m1!1e3!10m1!1e1!12b1?source=apiv3&rapsrc=apiv3"
https://bankajk.com/bajk-maps/061.php,"34.3731553,73.4715335,18z/data=!10m1!1e1!12b1?source=apiv3&rapsrc=apiv3"
https://bankajk.com/bajk-maps/062.php,"34.1930039,73.6612059,16z/data=!10m1!1e1!12b1?source=apiv3&rapsrc=apiv3"
https://bankajk.com/bajk-maps/063.php,"34.5549813,73.8414664,16z/data=!10m1!1e1!12b1?source=apiv3&rapsrc=apiv3"
https://bankajk.com/bajk-maps/064.php,"33.3428766,73.7634184,15z/data=!10m1!1e1!12b1?source=apiv3&rapsrc=apiv3"
https://bankajk.com/bajk-maps/065.php,"33.5558169,74.0093941"
https://bankajk.com/bajk-maps/066.php,"33.5211558,73.9072716"
